_id,sensors.humidity,sensors.light,sensors.temperature,ts
619007b5a4c07eea3a262a7b,62.2,1256,20,2021-11-13T18:45:09.004Z
61900cc81d8f09b84c530ac7,62.6,1755,20,2021-11-13T19:06:48.147Z
61900f21118a094f4cc36b14,64.7,1747,19.8,2021-11-13T19:16:49.476Z
6190117a118a094f4cc54655,65.4,1736,19.5,2021-11-13T19:26:50.661Z
619013d3a4c07eea3a2f9bee,65.1,1738,19.4,2021-11-13T19:36:51.835Z
6190162e118a094f4cc8eaf5,64.7,1737,19.4,2021-11-13T19:46:54.095Z
61901887a4c07eea3a333ec2,65.3,1739,19.3,2021-11-13T19:56:55.202Z
61901ae0998373269926fe4f,66.3,1734,19.3,2021-11-13T20:06:56.269Z
61901d3949ba9a6ef994c6f9,68.5,1727,19.3,2021-11-13T20:16:57.428Z
61901f921d8f09b84c618eb2,68.3,1733,19.3,2021-11-13T20:26:58.667Z
619021eb1d8f09b84c6355fe,67.7,1728,19.3,2021-11-13T20:36:59.875Z
6190244549ba9a6ef99a0e1a,66.8,1732,19.3,2021-11-13T20:47:00.952Z
6190269e118a094f4cd5296e,66.1,1738,19.2,2021-11-13T20:57:02.146Z
619028f799837326993162ee,65.1,1730,19.2,2021-11-13T21:07:03.349Z
61902b5149ba9a6ef99f3ca3,64.5,1735,19.2,2021-11-13T21:17:05.020Z
61902daa1d8f09b84c6bc11c,64.3,1730,19.2,2021-11-13T21:27:06.306Z
619030038e7fe84da3dda906,63.1,1733,19.2,2021-11-13T21:37:07.556Z
6190325c8e7fe84da3df4961,61.5,1735,19.1,2021-11-13T21:47:08.871Z
619034b89983732699399957,60.6,1737,19.1,2021-11-13T21:57:12.408Z
619037118e7fe84da3e28ee6,59.9,1735,19,2021-11-13T22:07:13.679Z
6190396a118a094f4ce29113,58.8,1754,19,2021-11-13T22:17:14.762Z
61903bc4118a094f4ce41d6c,58.4,1776,18.9,2021-11-13T22:27:16.048Z
61903e1d99837326993ff171,59.5,1773,18.9,2021-11-13T22:37:17.170Z
61904076a4c07eea3a4fafbc,60,1774,19.2,2021-11-13T22:47:18.540Z
619042d049ba9a6ef9af4ca0,60,1775,19.2,2021-11-13T22:57:19.969Z
61904529118a094f4cea6a1b,60.7,1769,19.3,2021-11-13T23:07:21.140Z
619047821d8f09b84c7ec18d,61.1,1763,19.1,2021-11-13T23:17:22.308Z
619049db8e7fe84da3ef2943,61.9,1769,19.2,2021-11-13T23:27:23.561Z
61904c3499837326994ab1ee,62.1,1785,19.4,2021-11-13T23:37:24.783Z
61904e8e118a094f4cf10457,61.4,1779,19.4,2021-11-13T23:47:26.067Z
619050e78e7fe84da3f41e92,62.3,1782,19.2,2021-11-13T23:57:27.387Z
619053408e7fe84da3f5ddb6,63.3,1773,19.3,2021-11-14T00:07:28.680Z
619055991d8f09b84c8a1219,63.6,310,19.4,2021-11-14T00:17:29.821Z
619057f399837326995340ae,63,0,19.4,2021-11-14T00:27:31.418Z
61905a4ca4c07eea3a61c5d0,64,0,19.4,2021-11-14T00:37:32.698Z
61905ca68e7fe84da3fc62ac,64.5,0,19.2,2021-11-14T00:47:34.225Z
61905effa4c07eea3a64c184,64.4,0,19.3,2021-11-14T00:57:35.724Z
61906158a4c07eea3a6671c5,64.5,0,19.3,2021-11-14T01:07:36.954Z
619063b28e7fe84da30136d9,65.1,0,19.2,2021-11-14T01:17:38.182Z
6190660b49ba9a6ef9c7b6a9,65.3,0,19.2,2021-11-14T01:27:39.798Z
619068651d8f09b84c96a57d,65.3,0,19.2,2021-11-14T01:37:41.177Z
61906abea4c07eea3a6c3b81,65.5,0,19.1,2021-11-14T01:47:42.353Z
61906d18118a094f4c0550f1,65.2,0,19.1,2021-11-14T01:57:43.953Z
61906f7149ba9a6ef9cd39e5,65.2,0,19.1,2021-11-14T02:07:45.327Z
619071ca9983732699638b4d,65.6,0,19,2021-11-14T02:17:46.609Z
6190742349ba9a6ef9d0084b,65.7,0,19.1,2021-11-14T02:27:47.773Z
6190767c118a094f4c0b0e7e,66,0,19,2021-11-14T02:37:48.875Z
619078d649ba9a6ef9d2cac5,66.2,0,19,2021-11-14T02:47:50.084Z
61907b2f118a094f4c0dca0a,66.6,0,18.9,2021-11-14T02:57:51.169Z
61907d8899837326996a8485,67,0,19,2021-11-14T03:07:52.286Z
61907fe18e7fe84da311dd65,67.1,0,19,2021-11-14T03:17:53.573Z
6190823aa4c07eea3a7a12ff,65.7,0,18.9,2021-11-14T03:27:54.771Z
6190849499837326996e9d89,68,0,18.9,2021-11-14T03:37:55.977Z
619086ed118a094f4c149bd9,67.9,0,18.9,2021-11-14T03:47:57.157Z
619089468e7fe84da3174d13,68.3,0,18.9,2021-11-14T03:57:58.352Z
61908b9f9983732699729d3e,68.2,0,18.9,2021-11-14T04:07:59.543Z
61908df98e7fe84da31a111f,68,0,18.9,2021-11-14T04:18:01.079Z
61909052a4c07eea3a823279,68,0,19,2021-11-14T04:28:02.298Z
619092ab8e7fe84da31ca6fa,68.6,0,19,2021-11-14T04:38:03.568Z
61909504998373269977cc9f,68.5,0,18.9,2021-11-14T04:48:04.652Z
6190975d118a094f4c1dcdd1,68.7,0,18.9,2021-11-14T04:58:05.857Z
619099b749ba9a6ef9e57631,69,0,18.9,2021-11-14T05:08:07.082Z
61909c108e7fe84da321c7e3,68.6,0,18.9,2021-11-14T05:18:08.268Z
61909e69a4c07eea3a89ee40,68.9,0,18.9,2021-11-14T05:28:09.491Z
6190a0c249ba9a6ef9e95127,69.4,0,18.9,2021-11-14T05:38:10.656Z
6190a31b49ba9a6ef9eaaac1,69.2,0,18.9,2021-11-14T05:48:11.858Z
6190a57449ba9a6ef9ebfec4,69,0,18.9,2021-11-14T05:58:12.950Z
6190a7ce8e7fe84da328a6f5,69.7,0,19.2,2021-11-14T06:08:14.052Z
6190aa27118a094f4c29272b,69,0,19.9,2021-11-14T06:18:15.266Z
6190ac80a4c07eea3a92f6c6,67.1,0,20.6,2021-11-14T06:28:16.589Z
6190aed9a4c07eea3a94bb94,65.9,0,21.1,2021-11-14T06:38:17.739Z
6190b13399837326998902d5,65.2,0,21.3,2021-11-14T06:48:18.950Z
6190b38c1d8f09b84cc31553,65.3,0,21.2,2021-11-14T06:58:20.262Z
6190b5e51d8f09b84cc4a050,64.6,0,21.2,2021-11-14T07:08:21.434Z
6190b83e1d8f09b84cc6d16a,65.5,0,21.2,2021-11-14T07:18:22.552Z
6190ba971d8f09b84cc95d46,65.5,0,21,2021-11-14T07:28:23.663Z
6190bcf049ba9a6ef9fe288c,65.9,0,20.9,2021-11-14T07:38:24.866Z
6190bf4a998373269995e053,66.2,0,20.8,2021-11-14T07:48:26.055Z
6190c1a3a4c07eea3aa5a9d4,66.3,0,20.7,2021-11-14T07:58:27.242Z
6190c3fc8e7fe84da34176c4,66,682,20.7,2021-11-14T08:08:28.484Z
6190c65549ba9a6ef90834ad,66.2,1420,20.6,2021-11-14T08:18:29.691Z
6190c8ae8e7fe84da34544da,65.9,924,20.8,2021-11-14T08:28:30.943Z
6190cb08118a094f4c4592ad,62.7,1257,20.5,2021-11-14T08:38:32.035Z
6190cd6149ba9a6ef90dba4d,61.9,1244,20.3,2021-11-14T08:48:33.222Z
6190cfba49ba9a6ef91035c5,61.6,1250,20,2021-11-14T08:58:34.440Z
6190d2138e7fe84da34e00f5,62.2,1398,20,2021-11-14T09:08:35.532Z
6190d46c49ba9a6ef91496d8,64,1524,19.8,2021-11-14T09:18:36.734Z
6190d6c5118a094f4c51807f,65,1488,19.6,2021-11-14T09:28:37.816Z
6190d91f49ba9a6ef91a7338,65.2,1595,19.7,2021-11-14T09:38:39.074Z
6190db789983732699b30175,65.8,1973,19.7,2021-11-14T09:48:40.170Z
6190ddd19983732699b60545,66.1,2063,19.7,2021-11-14T09:58:41.312Z
6190e02a9983732699b91076,64.9,1972,19.8,2021-11-14T10:08:42.525Z
6190e2839983732699bcf291,65,2399,19.7,2021-11-14T10:18:43.744Z
6190e4dda4c07eea3acd80c1,64.7,2482,19.6,2021-11-14T10:28:45.163Z
6190e73649ba9a6ef92f0b95,63.8,2113,19.6,2021-11-14T10:38:46.341Z
6190e98f118a094f4c6ceb25,64,1632,19.6,2021-11-14T10:48:47.509Z
6190ebe99983732699cb910d,64.3,1843,19.6,2021-11-14T10:58:48.809Z
6190ee42a4c07eea3adc70c6,65,2118,19.6,2021-11-14T11:08:50.743Z
6190f09ba4c07eea3ae035d9,65.4,2566,19.6,2021-11-14T11:18:51.942Z
6190f2f5a4c07eea3ae3e874,66.1,2285,19.5,2021-11-14T11:28:53.150Z
6190f54e49ba9a6ef9452054,65.7,1998,19.6,2021-11-14T11:38:54.380Z
6190f7aca4c07eea3aeb28e3,65.9,2356,19.6,2021-11-14T11:49:00.367Z
6190fa0549ba9a6ef94c791c,65.9,2091,19.6,2021-11-14T11:59:01.660Z
6190fc5ea4c07eea3af2864a,65.7,2240,19.6,2021-11-14T12:09:02.861Z
6190feb849ba9a6ef953f944,66,2225,19.6,2021-11-14T12:19:04.238Z
61910111118a094f4c91d416,66,2152,19.7,2021-11-14T12:29:05.709Z
6191036a1d8f09b84c28e9c9,65.8,1837,19.6,2021-11-14T12:39:06.884Z
619105c41d8f09b84c2c7804,65.6,2293,19.5,2021-11-14T12:49:08.241Z
6191081d49ba9a6ef96201a4,65.6,2276,19.5,2021-11-14T12:59:09.676Z
61910a76118a094f4c9f32fd,65.4,1431,19.5,2021-11-14T13:09:10.871Z
61910cd0a4c07eea3a09f160,65.4,1514,19.5,2021-11-14T13:19:12.178Z
61910f29118a094f4ca4e136,65.3,2022,19.4,2021-11-14T13:29:13.506Z
619111821d8f09b84c3b972c,65,2354,19.4,2021-11-14T13:39:14.680Z
619113db118a094f4cabce19,65.1,2221,19.4,2021-11-14T13:49:15.864Z
619116341d8f09b84c42a164,65,1942,19.4,2021-11-14T13:59:16.968Z
6191188e49ba9a6ef97817b2,64.9,2153,19.4,2021-11-14T14:09:18.064Z
61911ae71d8f09b84c488e7c,64.9,1824,19.4,2021-11-14T14:19:19.269Z
61911d40a4c07eea3a1f5de4,64.8,1536,19.4,2021-11-14T14:29:20.390Z
61911f991d8f09b84c4ca22b,64.7,1273,19.3,2021-11-14T14:39:21.569Z
619121f249ba9a6ef98102ce,64.7,1299,19.3,2021-11-14T14:49:22.772Z
6191244b49ba9a6ef9833e4f,64.9,1291,19.3,2021-11-14T14:59:23.990Z
619126a599837326991a695a,64.3,1067,19.2,2021-11-14T15:09:25.183Z
619128fea4c07eea3a299598,63.2,763,19.2,2021-11-14T15:19:26.356Z
61912b5799837326991e34ee,62.1,638,19.1,2021-11-14T15:29:27.574Z
61912db09983732699202fba,61.6,498,19,2021-11-14T15:39:28.681Z
61913009118a094f4cc78a7b,61.6,393,19.1,2021-11-14T15:49:29.842Z
61913263a4c07eea3a316433,62.3,286,19.1,2021-11-14T15:59:31.213Z
619134bc49ba9a6ef9910420,63.1,167,19.2,2021-11-14T16:09:32.456Z
61913715998373269927c05e,63.6,4,19.2,2021-11-14T16:19:33.775Z
6191396f1d8f09b84c6279e3,63.7,0,19.1,2021-11-14T16:29:34.970Z
61913bc88e7fe84da3d216f9,63.5,0,19.1,2021-11-14T16:39:36.248Z
61913e2149ba9a6ef998ced9,63.5,0,19.1,2021-11-14T16:49:37.468Z
6191407aa4c07eea3a3ced14,63.5,0,19.1,2021-11-14T16:59:38.678Z
619142d31d8f09b84c6a4496,63.3,0,19.1,2021-11-14T17:09:39.844Z
6191452d1d8f09b84c6c2bcf,63.3,0,19.1,2021-11-14T17:19:41.061Z
61914786a4c07eea3a42a24d,63.2,0,19,2021-11-14T17:29:42.207Z
619149df118a094f4cdcbd3d,63.3,0,19,2021-11-14T17:39:43.459Z
61914c389983732699391b18,63.2,0,19,2021-11-14T17:49:44.656Z
61914e91a4c07eea3a488c02,63.1,30,19,2021-11-14T17:59:45.916Z
619150eb8e7fe84da3e3b2c9,63.2,28,19,2021-11-14T18:09:47.143Z
619153448e7fe84da3e59be4,63.7,22,19,2021-11-14T18:19:48.356Z
6191559da4c07eea3a4e4afb,63.8,19,19,2021-11-14T18:29:49.476Z
619157f6a4c07eea3a50393a,63.8,18,19,2021-11-14T18:39:50.762Z
61915a50118a094f4cea58ef,64,17,19,2021-11-14T18:49:51.950Z
61915ca999837326994676df,64.2,31,19.1,2021-11-14T18:59:53.138Z
61915f0249ba9a6ef9b36fbe,64.4,27,19.1,2021-11-14T19:09:54.358Z
6191615b8e7fe84da3f0fbfa,64.9,24,19.1,2021-11-14T19:19:55.554Z
619163b4118a094f4cf1d64d,64.8,24,19.1,2021-11-14T19:29:56.682Z
6191660d118a094f4cf3ac19,65.2,19,19.2,2021-11-14T19:39:57.862Z
619168671d8f09b84c88af4c,65.5,18,19.2,2021-11-14T19:49:59.054Z
61916ac08e7fe84da3f82c83,65.3,23,19.2,2021-11-14T20:00:00.346Z
61916d19a4c07eea3a60ddae,65.4,16,19.2,2021-11-14T20:10:01.464Z
61916f7299837326995526ff,65.5,17,19.2,2021-11-14T20:20:02.841Z
619171cc998373269956e4fd,65,17,19.2,2021-11-14T20:30:04.049Z
6191742549ba9a6ef9c3bb05,65.4,17,19.2,2021-11-14T20:40:05.240Z
6191767e118a094f4c0007ab,65.6,17,19.2,2021-11-14T20:50:06.430Z
619178d7a4c07eea3a698e9b,68.1,16,19.2,2021-11-14T21:00:07.620Z
61917b30118a094f4c037250,74.7,17,19.3,2021-11-14T21:10:08.852Z
61917d8a8e7fe84da305f3f2,83.1,9,19.4,2021-11-14T21:20:09.959Z
61917fe38e7fe84da3079702,84,10,19.5,2021-11-14T21:30:11.200Z
6191823c9983732699629f6a,82.5,11,19.6,2021-11-14T21:40:12.290Z
619184958e7fe84da30ad2a8,80.4,173,19.5,2021-11-14T21:50:13.546Z
619186eea4c07eea3a736bd1,78.2,9,19.5,2021-11-14T22:00:14.630Z
6191894799837326996777b7,76.9,12,19.5,2021-11-14T22:10:15.852Z
61918ba1118a094f4c0ed0a5,76.1,11,19.4,2021-11-14T22:20:17.022Z
61918dfa118a094f4c106f61,75.5,10,19.4,2021-11-14T22:30:18.238Z
61919053118a094f4c11fee8,74.8,0,19.4,2021-11-14T22:40:19.439Z
619192ac49ba9a6ef9d90483,72.5,0,19.4,2021-11-14T22:50:20.558Z
619195058e7fe84da315eb57,72.2,0,19.4,2021-11-14T23:00:21.717Z
6191975e49ba9a6ef9dc430f,0,0,0,2021-11-14T23:10:22.928Z
619199b8a4c07eea3a804cb3,71.1,0,19.3,2021-11-14T23:20:24.036Z
61919c118e7fe84da31afdb6,70.6,1799,19.3,2021-11-14T23:30:25.244Z
61919e6a8e7fe84da31cb5b8,70.3,317,19.3,2021-11-14T23:40:26.446Z
6191a0c38e7fe84da31e74b6,69.7,0,19.5,2021-11-14T23:50:27.628Z
6191a31ca4c07eea3a87381e,70.3,0,19.4,2021-11-15T00:00:28.730Z
6191a57549ba9a6ef9e6a0cb,70.8,0,19.4,2021-11-15T00:10:29.946Z
6191a7cf99837326997cf7c5,71.3,0,19.4,2021-11-15T00:20:31.123Z
6191aa281d8f09b84cb7b69b,71.5,0,19.4,2021-11-15T00:30:32.321Z
6191ac81118a094f4c25e5f1,71.5,0,19.4,2021-11-15T00:40:33.838Z
6191aedb998373269981df62,71.7,0,19.3,2021-11-15T00:50:35.028Z
6191b1341d8f09b84cbcc37e,71.9,0,19.3,2021-11-15T01:00:36.226Z
6191b38d99837326998582fe,71.9,0,19.2,2021-11-15T01:10:37.491Z
6191b5e6118a094f4c2cfbf9,72.2,0,19.2,2021-11-15T01:20:38.572Z
6191b83f9983732699885cc2,72.3,0,19.2,2021-11-15T01:30:39.830Z
6191ba98118a094f4c2f12d3,72.4,0,19.2,2021-11-15T01:40:40.916Z
6191bcf21d8f09b84cc38c8b,72.4,0,19.2,2021-11-15T01:50:42.112Z
6191bf4b8e7fe84da331ee11,72.8,0,19.2,2021-11-15T02:00:43.316Z
6191c1a48e7fe84da332fd89,73.4,0,19.1,2021-11-15T02:10:44.502Z
6191c3fda4c07eea3a9b0614,74,0,19.2,2021-11-15T02:20:45.608Z
6191c6568e7fe84da334edd6,74.2,0,19.1,2021-11-15T02:30:46.814Z
6191c8af49ba9a6ef9fa8bac,74.6,0,19.1,2021-11-15T02:40:47.907Z
6191cb098e7fe84da336ddb1,74.6,0,19.1,2021-11-15T02:50:49.115Z
6191cd621d8f09b84cca7609,74.8,0,19.1,2021-11-15T03:00:50.199Z
6191cfbb118a094f4c37f67a,74.7,0,19.1,2021-11-15T03:10:51.425Z
6191d21449ba9a6ef9fe61cd,74.7,0,19.1,2021-11-15T03:20:52.599Z
6191d46d8e7fe84da33ab031,75.2,0,19.1,2021-11-15T03:30:53.843Z
6191d6c7118a094f4c3ad27f,75.3,0,19,2021-11-15T03:40:55.026Z
6191d92049ba9a6ef9013b31,75.6,0,19.1,2021-11-15T03:50:56.203Z
6191db791d8f09b84cd03a02,76,0,19.1,2021-11-15T04:00:57.397Z
6191ddd249ba9a6ef9033f48,76.1,0,19.1,2021-11-15T04:10:58.615Z
6191e02b8e7fe84da33f9a9f,76.2,0,19,2021-11-15T04:20:59.716Z
6191e2848e7fe84da3409629,76.7,0,19.1,2021-11-15T04:31:00.854Z
6191e4dea4c07eea3aa8a6dd,76.8,0,19.2,2021-11-15T04:41:01.942Z
6191e7378e7fe84da342a763,76.8,0,19.2,2021-11-15T04:51:03.186Z
6191e9908e7fe84da343b7db,76.7,0,19.1,2021-11-15T05:01:04.675Z
6191ebe999837326999e36fe,76.5,0,19.1,2021-11-15T05:11:05.776Z
6191ee4299837326999f430e,76.7,0,19.1,2021-11-15T05:21:06.992Z
6191f09c118a094f4c460182,76.7,0,19.1,2021-11-15T05:31:08.109Z
6191f2f5a4c07eea3aaf02c5,76.7,0,19.1,2021-11-15T05:41:09.285Z
6191f54e9983732699a278ac,76.6,0,19,2021-11-15T05:51:10.497Z
6191f7a749ba9a6ef90eb850,77.2,0,19.1,2021-11-15T06:01:11.693Z
6191fa00118a094f4c4a64af,77.2,0,19.6,2021-11-15T06:11:12.917Z
6191fc5a49ba9a6ef9110441,75.9,0,20.4,2021-11-15T06:21:14.088Z
6191feb38e7fe84da34d8675,74.7,0,20.8,2021-11-15T06:31:15.185Z
6192010c8e7fe84da34eb9ef,73.5,0,21.1,2021-11-15T06:41:16.386Z
61920365a4c07eea3ab6f2d9,73.2,0,21,2021-11-15T06:51:17.605Z
619205be49ba9a6ef915a4d7,73.2,0,21,2021-11-15T07:01:18.802Z
61920818a4c07eea3ab95296,73.2,0,21,2021-11-15T07:11:20.096Z
61920a7149ba9a6ef9180aff,73.5,0,20.9,2021-11-15T07:21:21.200Z
61920cca49ba9a6ef91941da,73.9,0,20.8,2021-11-15T07:31:22.320Z
61920f231d8f09b84ce88a28,74.1,0,20.8,2021-11-15T07:41:23.419Z
6192117c49ba9a6ef91bd298,74.3,0,20.7,2021-11-15T07:51:24.689Z
619213d59983732699b20ad2,74.5,0,20.5,2021-11-15T08:01:25.799Z
6192162f1d8f09b84cec7f48,74.3,0,20.6,2021-11-15T08:11:27.009Z
619218889983732699b4b5bf,74,0,20.6,2021-11-15T08:21:28.490Z
61921ae2a4c07eea3ac3a2ac,73.6,1316,20.5,2021-11-15T08:31:30.718Z
61921d3c49ba9a6ef9228d80,73.6,680,20.4,2021-11-15T08:41:32.002Z
61921f9549ba9a6ef924127c,72.3,929,20.8,2021-11-15T08:51:33.213Z
619221ee118a094f4c604ae7,73.8,1215,20.5,2021-11-15T09:01:34.298Z
6192244749ba9a6ef9274654,72,1419,20.2,2021-11-15T09:11:35.506Z
619226a01d8f09b84cf85b64,71.1,1570,20.1,2021-11-15T09:21:36.690Z
619228f9118a094f4c663e17,70.2,1819,20,2021-11-15T09:31:37.933Z
61922b538e7fe84da36990f2,70.9,1855,20,2021-11-15T09:41:39.101Z
61922dac1d8f09b84cfcd367,71,1906,19.8,2021-11-15T09:51:40.327Z
619230059983732699c53bdc,70.6,2034,19.9,2021-11-15T10:01:41.480Z
6192325ea4c07eea3ad4335f,70.3,2091,19.8,2021-11-15T10:11:42.705Z
619234b7a4c07eea3ad5c0bb,68.8,2122,19.9,2021-11-15T10:21:43.896Z
619237119983732699c9ddd0,67.6,2058,19.8,2021-11-15T10:31:45.135Z
6192396a8e7fe84da372a295,67.3,1918,19.8,2021-11-15T10:41:46.459Z
61923bc3a4c07eea3ada67d1,67.1,1903,19.8,2021-11-15T10:51:47.689Z
61923e1c118a094f4c7402e1,66.5,1842,19.8,2021-11-15T11:01:48.907Z
6192407649ba9a6ef93ae3df,66.1,1778,19.7,2021-11-15T11:11:50.125Z
619242cf8e7fe84da378e6cd,65.6,2444,19.6,2021-11-15T11:21:51.333Z
619245281d8f09b84c0c579e,65.1,2350,19.6,2021-11-15T11:31:52.544Z
6192478149ba9a6ef93fba30,64.9,2372,19.4,2021-11-15T11:41:53.719Z
619249da9983732699d67789,64.8,2403,19.5,2021-11-15T11:51:54.904Z
61924c34a4c07eea3ae586f9,60.9,2430,19.4,2021-11-15T12:01:56.133Z
61924e8d1d8f09b84c127645,64.2,2527,19.2,2021-11-15T12:11:57.301Z
619250e68e7fe84da381e097,64.2,2603,19.4,2021-11-15T12:21:58.502Z
6192533f118a094f4c813c93,64.2,2617,19.2,2021-11-15T12:31:59.818Z
619255999983732699dcecd7,61.7,2599,18.8,2021-11-15T12:42:01.000Z
619257f29983732699de08ba,63.3,2695,19.1,2021-11-15T12:52:02.215Z
61925a4b9983732699dfefdb,0,2539,0,2021-11-15T13:02:03.390Z
61925ca48e7fe84da3888eed,63.6,2466,18.9,2021-11-15T13:12:04.474Z
61925efd8e7fe84da38b86f8,65,2390,18.7,2021-11-15T13:22:05.834Z
619261571d8f09b84c2078e2,61.8,2267,19,2021-11-15T13:32:06.989Z
619263b0a4c07eea3af79e14,62.6,2175,19,2021-11-15T13:42:08.201Z
619266091d8f09b84c26228d,60.6,2114,19,2021-11-15T13:52:09.544Z
61926862a4c07eea3afd42dd,62.3,1972,18.4,2021-11-15T14:02:10.667Z
61926abb8e7fe84da399be07,67.1,1832,18.3,2021-11-15T14:12:11.773Z
61926d159983732699f58adf,61.1,1761,19,2021-11-15T14:22:12.994Z
61926f6e118a094f4c9de8a3,59.4,1693,18.9,2021-11-15T14:32:14.192Z
619271c7118a094f4ca0e5ec,0,1616,0,2021-11-15T14:42:15.395Z
619274201d8f09b84c38051d,58.9,1467,18.8,2021-11-15T14:52:16.595Z
619276798e7fe84da3a8f37f,58.4,1260,18.6,2021-11-15T15:02:17.803Z
619278d3a4c07eea3a11ecb8,58,1158,18.7,2021-11-15T15:12:18.991Z
61927b2c998373269907ccfa,57.4,918,18.8,2021-11-15T15:22:20.406Z
61927d85a4c07eea3a183ae5,59.6,728,18.7,2021-11-15T15:32:21.832Z
61927fdfa4c07eea3a1b3688,60.4,369,18.7,2021-11-15T15:42:23.005Z
61928238a4c07eea3a1e034f,61,347,18.7,2021-11-15T15:52:24.153Z
61928491118a094f4cb949c0,60.1,222,18.8,2021-11-15T16:02:25.252Z
619286ea49ba9a6ef981fa55,57.7,46,18.4,2021-11-15T16:12:26.539Z
619289438e7fe84da3c1296f,57.7,0,18.1,2021-11-15T16:22:27.694Z
61928b9da4c07eea3a2a3a47,57.4,0,18.1,2021-11-15T16:32:28.951Z
61928df699837326992023f5,56.6,0,18,2021-11-15T16:42:30.223Z
6192904f49ba9a6ef98e05f1,56.9,0,17.9,2021-11-15T16:52:31.474Z
619292a88e7fe84da3cddf81,54.9,0,17.7,2021-11-15T17:02:32.707Z
619295018e7fe84da3d0aee6,56.6,0,17.7,2021-11-15T17:12:33.904Z
6192975ba4c07eea3a38b6f6,56.5,0,17.7,2021-11-15T17:22:35.022Z
619299b4a4c07eea3a3b5fdc,55.7,0,17.7,2021-11-15T17:32:36.306Z
61929c0d118a094f4cd683f8,55.6,0,17.7,2021-11-15T17:42:37.420Z
61929e668e7fe84da3db7014,55.3,0,17.7,2021-11-15T17:52:38.646Z
6192a0c0a4c07eea3a43ec6a,55.2,0,17.6,2021-11-15T18:02:39.903Z
6192a319118a094f4cdee4ea,55,0,17.6,2021-11-15T18:12:41.184Z
6192a57299837326993dbb36,55.1,0,17.5,2021-11-15T18:22:42.417Z
6192a7cb9983732699406158,55,0,17.6,2021-11-15T18:32:43.959Z
6192aa259983732699431308,54.8,0,17.5,2021-11-15T18:42:45.112Z
6192ac7e118a094f4ce9b42d,64.4,0,18,2021-11-15T18:52:46.311Z
6192aed7a4c07eea3a548f1d,64.3,0,18.4,2021-11-15T19:02:47.510Z
6192b130a4c07eea3a585155,63.9,0,18.6,2021-11-15T19:12:48.703Z
6192b389a4c07eea3a5ad71e,63.6,0,18.6,2021-11-15T19:22:49.891Z
6192b5e2a4c07eea3a5e5688,63.7,0,18.7,2021-11-15T19:32:50.998Z
6192b83c1d8f09b84c8d243e,63.6,0,18.7,2021-11-15T19:42:52.097Z
6192ba959983732699574a74,63.6,0,18.7,2021-11-15T19:52:53.634Z
6192bcee9983732699595bca,63.6,0,18.7,2021-11-15T20:02:54.896Z
6192bf4849ba9a6ef9c47c4a,64,0,18.7,2021-11-15T20:12:56.118Z
6192c1a1118a094f4c00c5be,63.7,0,18.8,2021-11-15T20:22:57.286Z
6192c3fa49ba9a6ef9c7d1ab,67.3,0,18.8,2021-11-15T20:32:58.518Z
6192c653118a094f4c04606c,74.2,0,19,2021-11-15T20:42:59.615Z
6192c8ac1d8f09b84c9a2ad3,73,0,19,2021-11-15T20:53:00.826Z
6192cb0649ba9a6ef9ccff69,71.4,0,18.9,2021-11-15T21:03:01.998Z
6192cd5f99837326996522cf,70.4,0,19,2021-11-15T21:13:03.245Z
6192cfb8118a094f4c0bdc6f,70.4,0,18.9,2021-11-15T21:23:04.802Z
6192d2128e7fe84da30f9871,69.8,0,18.9,2021-11-15T21:33:06.009Z
6192d46b49ba9a6ef9d46237,69.3,0,18.9,2021-11-15T21:43:07.189Z
6192d6c48e7fe84da31292f4,69,0,18.9,2021-11-15T21:53:08.399Z
6192d91d1d8f09b84ca60b4f,68.6,0,18.9,2021-11-15T22:03:09.504Z
6192db761d8f09b84ca78cf7,68.2,0,18.9,2021-11-15T22:13:10.716Z
6192ddd08e7fe84da3176fc6,67.7,0,18.9,2021-11-15T22:23:11.816Z
6192e0291d8f09b84caae880,67.4,0,18.9,2021-11-15T22:33:13.225Z
6192e2821d8f09b84cacb979,67.3,0,18.9,2021-11-15T22:43:14.409Z
6192e4db1d8f09b84caf4812,67.1,0,18.9,2021-11-15T22:53:15.534Z
6192e7349983732699795976,67.3,0,18.9,2021-11-15T23:03:16.653Z
6192e98d118a094f4c1ebe0a,66.9,0,18.9,2021-11-15T23:13:17.796Z
6192ebe7a4c07eea3a8819bd,66.8,0,18.9,2021-11-15T23:23:18.972Z
6192ee40118a094f4c221c44,66.8,0,18.9,2021-11-15T23:33:20.439Z
6192f099a4c07eea3a8b6bf6,66.8,0,18.9,2021-11-15T23:43:21.531Z
6192f2f249ba9a6ef9eb38ff,66.9,0,19,2021-11-15T23:53:22.647Z
6192f54b998373269983a2c9,66.8,0,18.9,2021-11-16T00:03:23.768Z
6192f7a51d8f09b84cbd57f9,66.8,0,19,2021-11-16T00:13:24.990Z
6192f9fe8e7fe84da32cbdb8,66.9,1836,19,2021-11-16T00:23:26.209Z
6192fc578e7fe84da32de34e,66.9,1624,19,2021-11-16T00:33:27.411Z
6192feb0998373269988a513,66.5,0,19,2021-11-16T00:43:28.531Z
61930109998373269989bf04,66.4,0,19.2,2021-11-16T00:53:29.817Z
6193036399837326998adb86,66.9,0,19.1,2021-11-16T01:03:31.000Z
619305bc49ba9a6ef9f5512e,67.4,0,19.1,2021-11-16T01:13:32.183Z
6193081549ba9a6ef9f65419,67.5,0,19,2021-11-16T01:23:33.393Z
61930a6e99837326998de84e,68,0,19,2021-11-16T01:33:34.579Z
61930cc71d8f09b84cc74a2c,67.7,0,19.1,2021-11-16T01:43:35.785Z
61930f2099837326998fd10c,68,0,19,2021-11-16T01:53:36.986Z
6193117a118a094f4c349d8c,67.9,0,18.9,2021-11-16T02:03:38.184Z
619313d3118a094f4c357b3c,67.9,0,18.8,2021-11-16T02:13:39.388Z
6193162c118a094f4c3653ea,68,0,18.8,2021-11-16T02:23:40.557Z
6193188599837326999338b4,68.1,0,18.7,2021-11-16T02:33:41.665Z
61931ade1d8f09b84ccc6a82,68,0,18.7,2021-11-16T02:43:42.877Z
61931d388e7fe84da33b44d7,68.2,0,18.7,2021-11-16T02:53:44.075Z
61931f918e7fe84da33c1d3c,68.1,0,18.7,2021-11-16T03:03:45.382Z
619321ea118a094f4c3a93af,68,0,18.7,2021-11-16T03:13:46.492Z
619324431d8f09b84ccfd990,68.1,0,18.7,2021-11-16T03:23:47.673Z
6193269c8e7fe84da33eb2ea,68.3,0,18.7,2021-11-16T03:33:48.892Z
619328f649ba9a6ef902ad5d,68.6,0,18.7,2021-11-16T03:43:50.044Z
61932b4f118a094f4c3e029f,68.7,0,18.7,2021-11-16T03:53:51.267Z
61932da899837326999aee18,68.9,0,18.7,2021-11-16T04:03:52.452Z
61933001118a094f4c3fc230,68.9,0,18.7,2021-11-16T04:13:53.665Z
6193325a1d8f09b84cd50012,68.9,0,18.6,2021-11-16T04:23:54.739Z
619334b48e7fe84da343dcc5,68.9,0,18.7,2021-11-16T04:33:56.073Z
6193370da4c07eea3aaa5c6b,69,0,18.7,2021-11-16T04:43:57.283Z
619339668e7fe84da3459355,69.2,0,18.6,2021-11-16T04:53:58.447Z
61933bbf9983732699a02788,69.2,0,18.6,2021-11-16T05:03:59.657Z
61933e181d8f09b84cd95b1f,69.3,0,18.6,2021-11-16T05:14:00.870Z
619340729983732699a1edf4,69.1,0,18.6,2021-11-16T05:24:02.059Z
619342cb118a094f4c46c6e9,69.1,0,18.6,2021-11-16T05:34:03.172Z
619345248e7fe84da34a0a93,69,0,18.6,2021-11-16T05:44:04.478Z
6193477d8e7fe84da34afaff,69,0,18.6,2021-11-16T05:54:05.650Z
619349d649ba9a6ef90f3c53,68.6,0,19,2021-11-16T06:04:06.760Z
61934c2f49ba9a6ef91065ab,67.6,0,19.9,2021-11-16T06:14:07.961Z
61934e89a4c07eea3ab42c3c,65.8,0,20.8,2021-11-16T06:24:09.049Z
619350e2a4c07eea3ab546b7,64.8,0,21.2,2021-11-16T06:34:10.264Z
6193533ba4c07eea3ab650c1,64.2,0,21.2,2021-11-16T06:44:11.372Z
619355941d8f09b84ce3b1d5,64,0,21.2,2021-11-16T06:54:12.464Z
619357ed1d8f09b84ce4c6aa,63.8,0,21.1,2021-11-16T07:04:13.666Z
61935a46a4c07eea3ab9912e,63.9,0,21,2021-11-16T07:14:14.755Z
61935c9f118a094f4c52cbf6,64.3,0,20.8,2021-11-16T07:24:15.924Z
61935ef9a4c07eea3abbcf58,64.7,0,20.8,2021-11-16T07:34:17.165Z
61936152a4c07eea3abd143a,65,0,20.6,2021-11-16T07:44:18.259Z
619363ab118a094f4c5676a6,65.3,0,20.5,2021-11-16T07:54:19.559Z
619366049983732699b3b34e,65.8,0,20.4,2021-11-16T08:04:20.739Z
6193685e49ba9a6ef91e6e58,63.2,504,20.4,2021-11-16T08:14:21.969Z
61936ab749ba9a6ef91fb265,62.2,2379,20.3,2021-11-16T08:24:23.130Z
61936d108e7fe84da35e02ad,68.1,2523,21,2021-11-16T08:34:24.355Z
61936f69a4c07eea3ac51e04,71,2651,20.4,2021-11-16T08:44:25.557Z
619371c2118a094f4c5e9cc1,70,2765,20.2,2021-11-16T08:54:26.739Z
6193741c49ba9a6ef925bdce,68.9,2854,20.1,2021-11-16T09:04:27.975Z
6193767549ba9a6ef9272e61,68.5,2934,20,2021-11-16T09:14:29.178Z
619378ce118a094f4c634889,67.9,3012,20,2021-11-16T09:24:30.276Z
61937b27118a094f4c64cb55,67.9,3064,19.8,2021-11-16T09:34:31.659Z
61937d808e7fe84da368c30e,67.3,3090,19.8,2021-11-16T09:44:32.763Z
61937fda1d8f09b84cfc7a32,67.1,3088,19.8,2021-11-16T09:54:33.954Z
619382331d8f09b84cfe46ac,67,3140,19.7,2021-11-16T10:04:35.618Z
6193848c1d8f09b84c001103,67.7,3127,19.8,2021-11-16T10:14:36.722Z
619386e5118a094f4c6d9dbd,67.8,3155,19.8,2021-11-16T10:24:37.813Z
6193893f118a094f4c6f5e4e,67.6,3406,19.8,2021-11-16T10:34:39.137Z
61938b981d8f09b84c05642b,67.7,3578,19.8,2021-11-16T10:44:40.241Z
61938df39983732699cf0406,67,3489,19.9,2021-11-16T10:54:43.229Z
6193904c8e7fe84da3770529,66.2,3436,19.9,2021-11-16T11:04:44.383Z
619392a5118a094f4c7656d2,66.1,3431,19.9,2021-11-16T11:14:45.572Z
619394fe8e7fe84da37ab135,67.4,3472,19.2,2021-11-16T11:24:46.761Z
619397579983732699d5d6ec,60.8,3478,16.9,2021-11-16T11:34:47.876Z
619399b19983732699d75445,61.6,3534,16.9,2021-11-16T11:44:49.159Z
61939c0a118a094f4c7d2838,60.1,3789,15.9,2021-11-16T11:54:50.362Z
61939e63118a094f4c7f1e81,65.6,3791,17.3,2021-11-16T12:04:51.580Z
6193a0bc9983732699de0aba,54.8,3689,17.6,2021-11-16T12:14:52.816Z
6193a3161d8f09b84c184334,55,3695,17,2021-11-16T12:24:53.990Z
6193a56fa4c07eea3aed9733,59.4,3631,16.4,2021-11-16T12:34:55.190Z
6193a7c8a4c07eea3aef73f7,59.2,3136,18.1,2021-11-16T12:44:56.378Z
6193aa2149ba9a6ef94f1eb6,54.9,3337,17.1,2021-11-16T12:54:57.582Z
6193ac7a9983732699e76736,59.8,3603,16.9,2021-11-16T13:04:58.787Z
6193aed39983732699e9dbd2,61.1,3233,17.1,2021-11-16T13:14:59.964Z
6193b12d8e7fe84da393889f,65.9,3004,16.8,2021-11-16T13:25:01.157Z
6193b386a4c07eea3afbad29,60.8,2754,16.5,2021-11-16T13:35:02.373Z
6193b5dfa4c07eea3afe9482,60.4,2578,16.6,2021-11-16T13:45:03.556Z
6193b83a8e7fe84da39cbc4c,58.7,2364,16.1,2021-11-16T13:55:06.452Z
6193ba93a4c07eea3a056a7f,63.9,2200,16.5,2021-11-16T14:05:07.711Z
6193bcec8e7fe84da3a3a591,61.4,2745,17.4,2021-11-16T14:15:08.825Z
6193bf461d8f09b84c38c54d,59.3,3025,16.2,2021-11-16T14:25:09.976Z
6193c19f8e7fe84da3aa443f,60,2662,16.5,2021-11-16T14:35:11.202Z
6193c3f81d8f09b84c3f51e5,60.6,2739,16.1,2021-11-16T14:45:12.434Z
6193c65199837326990a3b7c,60.3,2689,16.1,2021-11-16T14:55:13.619Z
6193c8aaa4c07eea3a19865f,61.3,1946,16.4,2021-11-16T15:05:14.784Z
6193cb041d8f09b84c492737,61.2,1476,16.7,2021-11-16T15:15:16.004Z
6193cd5d8e7fe84da3ba6e1c,60.3,1143,16.1,2021-11-16T15:25:17.189Z
6193cfb68e7fe84da3bd8c43,64.2,891,16,2021-11-16T15:35:18.415Z
6193d20f99837326991a1e1d,60.3,775,16,2021-11-16T15:45:19.574Z
6193d46849ba9a6ef98707fb,63.7,1330,15.9,2021-11-16T15:55:20.785Z
6193d6c2a4c07eea3a2d8295,62.1,560,15.9,2021-11-16T16:05:21.989Z
6193d91b8e7fe84da3cb2cbc,62.7,48,16.1,2021-11-16T16:15:23.213Z
6193db7449ba9a6ef991cdda,60,0,16.4,2021-11-16T16:25:24.399Z
6193ddcd1d8f09b84c643fda,63.3,0,15.8,2021-11-16T16:35:25.623Z
6193e026118a094f4cd3a364,62.9,0,15.9,2021-11-16T16:45:26.782Z
6193e2801d8f09b84c6bf6bf,64.1,0,16,2021-11-16T16:55:28.004Z
6193e4d9118a094f4cdb7659,62.4,0,15.8,2021-11-16T17:05:29.238Z
6193e732118a094f4cdf1b23,63.2,0,15.7,2021-11-16T17:15:30.343Z
6193e98b99837326993f09d7,63.5,0,15.8,2021-11-16T17:25:31.480Z
6193ebe449ba9a6ef9ac704d,63.7,0,15.8,2021-11-16T17:35:32.814Z
6193ee3d49ba9a6ef9b035e3,64.8,0,15.5,2021-11-16T17:45:33.994Z
6193f0971d8f09b84c829d40,64.3,0,15.8,2021-11-16T17:55:35.173Z
6193f2f0a4c07eea3a5a2218,61.7,0,16.1,2021-11-16T18:05:36.392Z
6193f5498e7fe84da3f7b079,64,0,15.7,2021-11-16T18:15:37.580Z
6193f7a2998373269954fc6f,65.5,0,15.4,2021-11-16T18:25:38.771Z
6193f9fc118a094f4cfc99c3,65.6,0,15.7,2021-11-16T18:35:40.013Z
6193fc55a4c07eea3a688c64,65.2,0,15.2,2021-11-16T18:45:41.174Z
6193feae49ba9a6ef9c920b9,65.9,0,15.5,2021-11-16T18:55:42.393Z
61940107118a094f4c075bd0,65.3,0,15.5,2021-11-16T19:05:43.607Z
6194036049ba9a6ef9d063b0,66.8,0,15.2,2021-11-16T19:15:44.784Z
619405baa4c07eea3a77410e,64.1,52,15.8,2021-11-16T19:25:45.879Z
6194081399837326996e3928,65.6,40,15.2,2021-11-16T19:35:47.197Z
61940a6c49ba9a6ef9dad91d,65.5,33,15.8,2021-11-16T19:45:48.460Z
61940cc549ba9a6ef9de3a81,67.7,33,15.4,2021-11-16T19:55:49.616Z
61940f1e49ba9a6ef9e1962a,66.6,32,15.6,2021-11-16T20:05:50.718Z
619411778e7fe84da32165d6,67.3,30,15.9,2021-11-16T20:15:51.818Z
619413d1118a094f4c21ae93,67.2,33,16.1,2021-11-16T20:25:52.980Z
6194162a8e7fe84da3268665,65.1,33,16,2021-11-16T20:35:54.180Z
619418831d8f09b84cbac76a,66.8,35,16.4,2021-11-16T20:45:55.368Z
61941adc998373269984f865,69.4,36,15.7,2021-11-16T20:55:56.568Z
61941d3599837326998715f7,72.2,35,15.4,2021-11-16T21:05:57.778Z
61941f8f1d8f09b84cc10da0,74.1,37,14.6,2021-11-16T21:15:58.965Z
619421e8a4c07eea3a97708f,72.3,36,14.5,2021-11-16T21:26:00.142Z
61942441a4c07eea3a998cbf,73.6,34,14.8,2021-11-16T21:36:01.342Z
6194269a1d8f09b84cc73d44,71.5,34,14.9,2021-11-16T21:46:02.563Z
619428f38e7fe84da3376b5c,72.1,44,14.9,2021-11-16T21:56:03.754Z
61942b4d998373269993687a,74,47,14.1,2021-11-16T22:06:04.956Z
61942da6118a094f4c392eae,76.5,41,13.6,2021-11-16T22:16:06.170Z
61942fff118a094f4c3b1ffb,76.8,42,13.8,2021-11-16T22:26:07.418Z
61943258118a094f4c3d0cf5,76.1,1792,14.6,2021-11-16T22:36:08.536Z
619434b1118a094f4c3eee26,77.8,1804,14,2021-11-16T22:46:09.634Z
6194370a8e7fe84da342e07a,68.3,0,16.8,2021-11-16T22:56:10.755Z
619439641d8f09b84cd6c0ca,64.8,0,17.8,2021-11-16T23:06:11.988Z
61943bbd9983732699a0f0ff,64.9,0,17.9,2021-11-16T23:16:13.288Z
61943e168e7fe84da348e417,65.3,0,17.8,2021-11-16T23:26:14.475Z
6194406f1d8f09b84cdc9f9d,65.6,0,17.9,2021-11-16T23:36:15.756Z
619442c81d8f09b84cde5bfb,65.6,0,17.9,2021-11-16T23:46:16.977Z
619445221d8f09b84ce0078e,65.7,0,17.9,2021-11-16T23:56:18.153Z
6194477b118a094f4c4e3611,65.7,0,17.8,2021-11-17T00:06:19.236Z
619449d4118a094f4c500335,66,0,17.8,2021-11-17T00:16:20.499Z
61944c2d8e7fe84da353d09f,66.2,0,17.8,2021-11-17T00:26:21.593Z
61944e8649ba9a6ef918d2ad,66.1,0,17.8,2021-11-17T00:36:22.758Z
619450df1d8f09b84ce9227f,66.2,0,17.8,2021-11-17T00:46:23.924Z
61945339118a094f4c56dc80,66.4,0,17.8,2021-11-17T00:56:25.162Z
619455928e7fe84da35a9a33,66.6,0,17.8,2021-11-17T01:06:26.332Z
619457eb49ba9a6ef91f63c1,66.5,0,17.8,2021-11-17T01:16:27.557Z
61945a448e7fe84da35dc32b,66.7,0,17.8,2021-11-17T01:26:28.759Z
61945c9d49ba9a6ef9225f0c,66.9,0,17.8,2021-11-17T01:36:29.956Z
61945ef749ba9a6ef9240e3f,67.3,0,17.8,2021-11-17T01:46:31.137Z
61946150a4c07eea3ac8ed16,68.1,0,17.8,2021-11-17T01:56:32.269Z
619463a949ba9a6ef926d24d,67.6,0,17.9,2021-11-17T02:06:33.440Z
619466029983732699bee31c,67.4,0,18,2021-11-17T02:16:34.628Z
6194685b9983732699c01c39,67.3,0,18,2021-11-17T02:26:35.853Z
61946ab5118a094f4c656385,67.3,0,18,2021-11-17T02:36:36.979Z
61946d0ea4c07eea3acf3fe1,67.3,0,18,2021-11-17T02:46:38.341Z
61946f679983732699c3d517,67.7,0,17.9,2021-11-17T02:56:39.532Z
619471c08e7fe84da36b3649,67.9,0,17.9,2021-11-17T03:06:40.728Z
619474199983732699c66777,68,0,17.9,2021-11-17T03:16:41.958Z
619476738e7fe84da36db678,68.1,0,17.9,2021-11-17T03:26:43.052Z
619478cc9983732699c8d2ea,68,0,17.9,2021-11-17T03:36:44.300Z
61947b25118a094f4c6e61ed,67.9,0,17.8,2021-11-17T03:46:45.449Z
61947d7ea4c07eea3ad80a7c,68.1,0,17.8,2021-11-17T03:56:46.894Z
61947fd8118a094f4c70ea55,68.5,0,17.9,2021-11-17T04:06:48.190Z
6194823149ba9a6ef9373043,68.4,0,18,2021-11-17T04:16:49.360Z
6194848a8e7fe84da37511de,68.5,0,18,2021-11-17T04:26:50.531Z
619486e68e7fe84da3765590,68.4,0,18,2021-11-17T04:36:54.060Z
6194893fa4c07eea3ade6723,68.4,0,18,2021-11-17T04:46:55.161Z
61948b988e7fe84da378d779,68.5,0,18,2021-11-17T04:56:56.388Z
61948df11d8f09b84c0c1535,68.5,0,17.9,2021-11-17T05:06:57.488Z
6194904a8e7fe84da37b7342,69,0,17.9,2021-11-17T05:16:58.686Z
619492a4118a094f4c7b07cb,69.2,0,17.8,2021-11-17T05:26:59.778Z
619494fd1d8f09b84c0ff30f,69.4,0,17.8,2021-11-17T05:37:01.216Z
61949756a4c07eea3ae64f43,69.4,0,17.8,2021-11-17T05:47:02.392Z
619499af118a094f4c7f051b,69.6,0,17.9,2021-11-17T05:57:03.558Z
61949c08a4c07eea3ae96059,68.8,0,18.5,2021-11-17T06:07:04.763Z
61949e619983732699de2482,67.6,0,19.5,2021-11-17T06:17:05.843Z
6194a0bba4c07eea3aece72d,65.2,0,20.5,2021-11-17T06:27:07.075Z
6194a314118a094f4c86138c,64,0,21.1,2021-11-17T06:37:08.223Z
6194a56d8e7fe84da38913f6,63.1,0,21.5,2021-11-17T06:47:09.370Z
6194a7c61d8f09b84c1c9868,62.8,0,21.6,2021-11-17T06:57:10.552Z
6194aa1fa4c07eea3af35688,62.8,0,21.5,2021-11-17T07:07:11.807Z
6194ac79118a094f4c8c6370,62.9,0,21.4,2021-11-17T07:17:12.990Z
6194aed2a4c07eea3af685a0,63.2,0,21.3,2021-11-17T07:27:14.180Z
6194b12b8e7fe84da3910a8b,63.8,813,21.1,2021-11-17T07:37:15.364Z
6194b3868e7fe84da392a44b,64,1554,20.9,2021-11-17T07:47:18.633Z
6194b5df8e7fe84da39436b9,67.9,1989,20.7,2021-11-17T07:57:19.723Z
6194b83849ba9a6ef9598540,67.2,2311,20.4,2021-11-17T08:07:20.923Z
6194ba92118a094f4c964b25,62.3,2394,19.9,2021-11-17T08:17:22.108Z
6194bceb9983732699f3ae28,62.8,2457,19.9,2021-11-17T08:27:23.459Z
6194bf448e7fe84da39b5eb1,62.2,2617,19.9,2021-11-17T08:37:24.804Z
6194c19e118a094f4c9c03d1,62.3,2783,19.9,2021-11-17T08:47:25.999Z
6194c3f749ba9a6ef962d523,62.7,2921,19.8,2021-11-17T08:57:27.200Z
6194c652118a094f4c9fe488,63,3064,19.7,2021-11-17T09:07:30.200Z
6194c8aba4c07eea3a0a24d3,63.1,3375,19.7,2021-11-17T09:17:31.303Z
6194cb041d8f09b84c371832,63.5,3162,19.7,2021-11-17T09:27:32.658Z
6194cd5d1d8f09b84c392c66,64,2966,19.7,2021-11-17T09:37:33.865Z
6194cfb7118a094f4ca7c87e,64,2954,19.7,2021-11-17T09:47:34.962Z
6194d21099837326990544be,64.1,3223,19.6,2021-11-17T09:57:36.170Z
6194d4691d8f09b84c3f7143,63.7,3228,19.7,2021-11-17T10:07:37.774Z
6194d6c299837326990a0736,63.7,3237,19.7,2021-11-17T10:17:38.971Z
6194d91c1d8f09b84c44dcf4,64.5,3240,19.7,2021-11-17T10:27:40.080Z
6194db778e7fe84da3b5fb8b,63.8,3243,19.6,2021-11-17T10:37:43.107Z
6194ddd0118a094f4cb6b8fd,63.4,3240,19.5,2021-11-17T10:47:44.402Z
6194e029998373269914e066,63.7,3245,19.5,2021-11-17T10:57:45.585Z
6194e2829983732699177736,63.5,3301,19.6,2021-11-17T11:07:46.770Z
6194e4db118a094f4cbea9a3,63.8,3391,19.6,2021-11-17T11:17:47.889Z
6194e73599837326991c9567,63.6,3477,19.6,2021-11-17T11:27:49.156Z
6194e98e99837326991f1d66,63.1,3547,19.5,2021-11-17T11:37:50.280Z
6194ebe7118a094f4cc6432c,63.4,3635,19.5,2021-11-17T11:47:51.488Z
6194ee4049ba9a6ef98da305,62.9,3640,19.5,2021-11-17T11:57:52.711Z
6194f09a8e7fe84da3ccf22d,62.1,3716,19.4,2021-11-17T12:07:53.974Z
6194f2f3998373269928b73e,61.9,3844,19.4,2021-11-17T12:17:55.170Z
6194f54c99837326992af06a,61.4,3978,19.4,2021-11-17T12:27:56.397Z
6194f7a51d8f09b84c6532b1,66.7,4113,19.6,2021-11-17T12:37:57.585Z
6194f9fe49ba9a6ef9989121,66.8,4162,19.8,2021-11-17T12:47:58.877Z
6194fc5849ba9a6ef99acdc5,66,4229,19.9,2021-11-17T12:58:00.082Z
6194feb18e7fe84da3d9deda,65.4,4371,20,2021-11-17T13:08:01.198Z
6195010a118a094f4cdaa794,58.8,4406,22.4,2021-11-17T13:18:02.395Z
619503638e7fe84da3de6134,58.6,4473,22.3,2021-11-17T13:28:03.580Z
619505bc118a094f4cdeedc9,54.7,4504,23.8,2021-11-17T13:38:04.828Z
61950815a4c07eea3a490b75,52.9,4504,24.4,2021-11-17T13:48:05.936Z
61950a6f1d8f09b84c76f16a,49.8,4504,25,2021-11-17T13:58:07.184Z
61950cc849ba9a6ef9aa376a,50.3,4504,24.6,2021-11-17T14:08:08.385Z
61950f21a4c07eea3a4f837a,51,4504,24,2021-11-17T14:18:09.603Z
6195117a8e7fe84da3eb575d,50.8,4495,24,2021-11-17T14:28:10.782Z
619513d41d8f09b84c7f8075,54.6,4444,22.3,2021-11-17T14:38:11.980Z
6195162d9983732699490dac,55.8,4113,21.8,2021-11-17T14:48:13.167Z
6195188649ba9a6ef9b4d337,58.1,3817,20.8,2021-11-17T14:58:14.385Z
61951adf8e7fe84da3f3c6f7,59.8,3741,20.3,2021-11-17T15:08:15.583Z
61951d3899837326994f6cba,60.7,3636,20,2021-11-17T15:18:16.773Z
61951f92a4c07eea3a5e5176,61.2,3393,19.8,2021-11-17T15:28:17.974Z
619521eb118a094f4cf848bd,61.5,3045,19.6,2021-11-17T15:38:19.190Z
61952444a4c07eea3a626abf,61.9,2728,19.4,2021-11-17T15:48:20.465Z
6195269da4c07eea3a6495e0,62.5,1769,19.3,2021-11-17T15:58:21.549Z
619528f6a4c07eea3a66c2b3,63.2,1066,19.1,2021-11-17T16:08:22.646Z
61952b4f99837326995bec98,63.8,532,19.1,2021-11-17T16:18:23.776Z
61952da91d8f09b84c968233,63.9,94,19,2021-11-17T16:28:24.985Z
6195300249ba9a6ef9c9c33e,64.2,0,19,2021-11-17T16:38:26.199Z
6195325b118a094f4c0740ca,64.3,0,18.9,2021-11-17T16:48:27.376Z
619534b49983732699640830,64.6,0,18.9,2021-11-17T16:58:28.661Z
6195370d1d8f09b84c9eaac2,64.7,0,18.9,2021-11-17T17:08:29.861Z
619539671d8f09b84ca0e850,64.7,0,18.9,2021-11-17T17:18:31.074Z
61953bc0118a094f4c0fc244,65,0,18.8,2021-11-17T17:28:32.196Z
61953e19118a094f4c12142a,65.1,0,18.8,2021-11-17T17:38:33.472Z
61954072118a094f4c145444,65.1,0,18.8,2021-11-17T17:48:34.563Z
619542cb118a094f4c1694b5,65.3,0,18.8,2021-11-17T17:58:35.744Z
6195452549ba9a6ef9dd4deb,65.3,0,18.8,2021-11-17T18:08:36.954Z
6195477ea4c07eea3a823d08,65.3,1641,18.8,2021-11-17T18:18:38.229Z
619549d749ba9a6ef9e0ed24,65.3,1606,18.8,2021-11-17T18:28:39.572Z
61954c308e7fe84da31f878d,67.9,1571,18.9,2021-11-17T18:38:40.881Z
61954e8aa4c07eea3a87c74c,66.9,1583,19.2,2021-11-17T18:48:42.050Z
619550e38e7fe84da32392aa,67.5,1565,19.1,2021-11-17T18:58:43.243Z
6195533c118a094f4c24671c,68.1,1590,19.1,2021-11-17T19:08:44.384Z
61955595a4c07eea3a8e53e1,68.2,1595,19.1,2021-11-17T19:18:45.659Z
619557ee1d8f09b84cbc1070,67.1,1588,19,2021-11-17T19:28:46.859Z
61955a48a4c07eea3a92ae3a,67.1,1575,18.9,2021-11-17T19:38:48.099Z
61955ca18e7fe84da32e44e1,68.2,1573,18.9,2021-11-17T19:48:49.231Z
61955efa1d8f09b84cc2131d,68.6,1576,18.9,2021-11-17T19:58:50.440Z
61956153a4c07eea3a98cdb5,69,1571,18.9,2021-11-17T20:08:51.654Z
619563ac49ba9a6ef9f793f1,69.5,1573,18.9,2021-11-17T20:18:52.860Z
619566061d8f09b84cc827a2,69.2,1580,18.9,2021-11-17T20:28:54.041Z
6195685f8e7fe84da338ada0,68.7,1584,18.8,2021-11-17T20:38:55.251Z
61956ab8118a094f4c396ca3,68.9,1588,18.8,2021-11-17T20:48:56.447Z
61956d11998373269995bc09,69.7,1585,18.8,2021-11-17T20:58:57.688Z
61956f6a49ba9a6ef900f03d,69.5,1585,18.8,2021-11-17T21:08:58.851Z
619571c449ba9a6ef9027106,69.4,1587,18.8,2021-11-17T21:19:00.061Z
6195741d99837326999a4706,69.2,1588,18.8,2021-11-17T21:29:01.284Z
61957676118a094f4c417c4e,69,1585,18.8,2021-11-17T21:39:02.602Z
619578d0118a094f4c4365ae,68.9,1588,18.8,2021-11-17T21:49:04.046Z
61957b29a4c07eea3aace03c,68.5,1592,18.8,2021-11-17T21:59:05.224Z
61957d828e7fe84da3487ab4,68.6,1584,18.8,2021-11-17T22:09:06.462Z
61957fdb49ba9a6ef90d79db,68.5,1601,18.8,2021-11-17T22:19:07.682Z
6195823449ba9a6ef90ee347,68.5,1594,18.8,2021-11-17T22:29:08.852Z
6195848ea4c07eea3ab32748,68.3,1599,18.8,2021-11-17T22:39:10.056Z
619586e7a4c07eea3ab4744f,68,1596,18.8,2021-11-17T22:49:11.240Z
61958940118a094f4c4e1d10,68.1,1597,18.8,2021-11-17T22:59:12.624Z
61958b991d8f09b84ce27d09,68,1597,18.8,2021-11-17T23:09:13.848Z
61958df3a4c07eea3ab8bcd1,68.1,1592,18.8,2021-11-17T23:19:15.055Z
6195904c118a094f4c528a7a,68.1,1598,18.8,2021-11-17T23:29:16.254Z
619592a51d8f09b84ce6d38b,68,1597,18.8,2021-11-17T23:39:17.491Z
619594fe9983732699aff36e,67.7,1596,18.8,2021-11-17T23:49:18.921Z
619597581d8f09b84ce9945b,67.5,1589,18.8,2021-11-17T23:59:20.160Z
619599b19983732699b2a428,67.3,1587,18.8,2021-11-18T00:09:21.365Z
61959c0a49ba9a6ef91de439,67.6,1599,18.8,2021-11-18T00:19:22.483Z
61959e638e7fe84da35bf994,67.1,1597,18.8,2021-11-18T00:29:23.665Z
6195a0bc118a094f4c5c0305,67,1597,18.8,2021-11-18T00:39:24.875Z
6195a316137c6ba310552c93,67.4,1604,18.9,2021-11-18T00:49:26.039Z
6195a56f23a53f7d3a93a78d,67.1,1603,19,2021-11-18T00:59:27.243Z
6195a7c8405f948c408f1973,67,730,19,2021-11-18T01:09:28.453Z
6195aa217a018ef81aff6f4a,67,0,18.9,2021-11-18T01:19:29.656Z
6195ac7b2d24e62f1c975263,67.3,0,19.1,2021-11-18T01:29:30.956Z
6195aed4137c6ba3105ccf57,67.8,0,19,2021-11-18T01:39:32.426Z
6195b12d7a018ef81a03b356,68.2,0,18.9,2021-11-18T01:49:33.768Z
6195b387405f948c40963c08,68.4,0,18.8,2021-11-18T01:59:34.956Z
6195b5e0137c6ba31060a114,68.6,0,18.7,2021-11-18T02:09:36.138Z
6195b839405f948c4098dfb5,68.8,0,18.6,2021-11-18T02:19:37.352Z
6195ba92a15d2b5090e429e9,69.5,0,18.6,2021-11-18T02:29:38.561Z
6195bceb7a018ef81a09e504,69.6,0,18.6,2021-11-18T02:39:39.772Z
6195bf4423a53f7d3aa2cc66,69.8,0,18.5,2021-11-18T02:49:40.924Z
6195c19e7a018ef81a0c726c,69.7,0,18.5,2021-11-18T02:59:42.122Z
6195c3f72d24e62f1ca422c2,69.9,0,18.5,2021-11-18T03:09:43.286Z
6195c6503c571079b6740b70,70,0,18.5,2021-11-18T03:19:44.459Z
6195c8a97c9105c5bb3e4d4f,70.3,0,18.4,2021-11-18T03:29:45.709Z
6195cb0256d81d29bead1e29,71,0,18.4,2021-11-18T03:39:46.856Z
6195cd5c3c571079b677c34d,71.2,0,18.3,2021-11-18T03:49:48.027Z
6195cfb5d3a1ac7708e883c3,71.6,0,18.4,2021-11-18T03:59:49.250Z
61a3b646d529c9288ca90efe,42.3,2394,20,2021-11-28T17:03:02.455Z
61a3b90aa899b5c1b3b38c23,0,1555,0,2021-11-28T17:14:50.630Z
61a3bb63bf67498fc97b35fe,0,1555,0,2021-11-28T17:24:51.843Z