Pattern,Start,End,Date
Awake,2021-12-06 23:46:00,2021-12-06 00:09:00,2021-12-06
Light,2021-12-06 00:09:00,2021-12-06 00:43:00,2021-12-06
Deep,2021-12-06 00:43:00,2021-12-06 01:37:00,2021-12-06
Light,2021-12-06 01:37:00,2021-12-06 01:57:00,2021-12-06
REM,2021-12-06 01:57:00,2021-12-06 02:23:00,2021-12-06
Light,2021-12-06 02:23:00,2021-12-06 02:39:00,2021-12-06
Deep,2021-12-06 02:39:00,2021-12-06 03:01:00,2021-12-06
Light,2021-12-06 03:01:00,2021-12-06 03:18:00,2021-12-06
Deep,2021-12-06 03:18:00,2021-12-06 03:19:00,2021-12-06
Awake,2021-12-06 03:19:00,2021-12-06 03:26:00,2021-12-06
Awake,2021-12-06 03:19:00,2021-12-06 03:26:00,2021-12-06
Light,2021-12-06 03:27:00,2021-12-06 03:35:00,2021-12-06
Awake,2021-12-06 03:35:00,2021-12-06 03:41:00,2021-12-06
Light,2021-12-06 03:41:00,2021-12-06 03:57:00,2021-12-06
Deep,2021-12-06 03:57:00,2021-12-06 04:07:00,2021-12-06
Light,2021-12-06 04:07:00,2021-12-06 04:23:00,2021-12-06
Light,2021-12-06 04:07:00,2021-12-06 04:23:00,2021-12-06
REM,2021-12-06 04:25:00,2021-12-06 04:39:00,2021-12-06
Light,2021-12-06 04:39:00,2021-12-06 05:24:00,2021-12-06
Deep,2021-12-06 05:24:00,2021-12-06 05:47:00,2021-12-06
Light,2021-12-06 05:47:00,2021-12-06 06:44:00,2021-12-06
REM,2021-12-06 06:44:00,2021-12-06 06:58:00,2021-12-06
Light,2021-12-06 06:58:00,2021-12-06 07:07:00,2021-12-06
Awake,2021-12-05 00:47:00,2021-12-05 01:03:00,2021-12-05
Light,2021-12-05 01:03:00,2021-12-05 01:10:00,2021-12-05
Awake,2021-12-05 01:10:00,2021-12-05 01:43:00,2021-12-05
Awake,2021-12-05 01:10:00,2021-12-05 01:43:00,2021-12-05
Awake,2021-12-05 01:45:00,2021-12-05 01:49:00,2021-12-05
Light,2021-12-05 01:49:00,2021-12-05 02:15:00,2021-12-05
Deep,2021-12-05 02:15:00,2021-12-05 03:00:00,2021-12-05
REM,2021-12-05 03:00:00,2021-12-05 03:32:00,2021-12-05
Light,2021-12-05 03:32:00,2021-12-05 03:52:00,2021-12-05
Deep,2021-12-05 03:52:00,2021-12-05 04:18:00,2021-12-05
REM,2021-12-05 04:18:00,2021-12-05 04:59:00,2021-12-05
Light,2021-12-05 04:59:00,2021-12-05 06:12:00,2021-12-05
Awake,2021-12-05 06:12:00,2021-12-05 06:24:00,2021-12-05
Light,2021-12-05 06:24:00,2021-12-05 06:34:00,2021-12-05
REM,2021-12-05 06:34:00,2021-12-05 07:32:00,2021-12-05
Light,2021-12-05 07:32:00,2021-12-05 08:22:00,2021-12-05
Light,2021-12-05 07:32:00,2021-12-05 08:22:00,2021-12-05
Light,2021-12-05 08:32:00,2021-12-05 08:57:00,2021-12-05
Awake,2021-12-05 08:57:00,2021-12-05 09:04:00,2021-12-05
Light,2021-12-05 09:04:00,2021-12-05 09:28:00,2021-12-05
Light,2021-12-05 09:04:00,2021-12-05 09:28:00,2021-12-05
Awake,2021-12-05 09:31:00,2021-12-05 09:38:00,2021-12-05
REM,2021-12-05 09:38:00,2021-12-05 09:43:00,2021-12-05
Light,2021-12-05 09:43:00,2021-12-05 10:02:00,2021-12-05
Awake,2021-12-04 02:51:00,2021-12-04 03:14:00,2021-12-04
Deep,2021-12-04 03:14:00,2021-12-04 04:28:00,2021-12-04
REM,2021-12-04 04:28:00,2021-12-04 04:40:00,2021-12-04
Light,2021-12-04 04:40:00,2021-12-04 05:27:00,2021-12-04
Deep,2021-12-04 05:27:00,2021-12-04 05:39:00,2021-12-04
Light,2021-12-04 05:39:00,2021-12-04 05:45:00,2021-12-04
Awake,2021-12-04 05:45:00,2021-12-04 05:52:00,2021-12-04
Light,2021-12-04 05:52:00,2021-12-04 06:02:00,2021-12-04
REM,2021-12-04 06:02:00,2021-12-04 06:44:00,2021-12-04
Light,2021-12-04 06:44:00,2021-12-04 07:08:00,2021-12-04
Deep,2021-12-04 07:08:00,2021-12-04 07:45:00,2021-12-04
REM,2021-12-04 07:45:00,2021-12-04 08:49:00,2021-12-04
Awake,2021-12-03 00:16:00,2021-12-03 01:11:00,2021-12-03
Light,2021-12-03 01:11:00,2021-12-03 01:20:00,2021-12-03
Deep,2021-12-03 01:20:00,2021-12-03 02:17:00,2021-12-03
Light,2021-12-03 02:17:00,2021-12-03 02:29:00,2021-12-03
Deep,2021-12-03 02:29:00,2021-12-03 03:24:00,2021-12-03
Light,2021-12-03 03:24:00,2021-12-03 03:34:00,2021-12-03
Awake,2021-12-03 03:34:00,2021-12-03 03:40:00,2021-12-03
Light,2021-12-03 03:40:00,2021-12-03 04:19:00,2021-12-03
Deep,2021-12-03 04:19:00,2021-12-03 04:46:00,2021-12-03
Light,2021-12-03 04:46:00,2021-12-03 05:14:00,2021-12-03
Awake,2021-12-03 05:14:00,2021-12-03 05:21:00,2021-12-03
Light,2021-12-03 05:21:00,2021-12-03 05:36:00,2021-12-03
REM,2021-12-03 05:36:00,2021-12-03 06:28:00,2021-12-03
Light,2021-12-03 06:28:00,2021-12-03 06:51:00,2021-12-03
Deep,2021-12-03 06:51:00,2021-12-03 07:05:00,2021-12-03
Light,2021-12-03 07:05:00,2021-12-03 07:47:00,2021-12-03
REM,2021-12-03 07:47:00,2021-12-03 08:13:00,2021-12-03
Light,2021-12-03 08:13:00,2021-12-03 08:41:00,2021-12-03
Deep,2021-12-03 08:41:00,2021-12-03 08:52:00,2021-12-03
Awake,2021-12-03 08:52:00,2021-12-03 09:09:00,2021-12-03
Awake,2021-12-02 00:32:00,2021-12-02 01:02:00,2021-12-02
Light,2021-12-02 01:02:00,2021-12-02 01:04:00,2021-12-02
Awake,2021-12-02 01:04:00,2021-12-02 01:11:00,2021-12-02
Light,2021-12-02 01:11:00,2021-12-02 01:29:00,2021-12-02
Deep,2021-12-02 01:29:00,2021-12-02 01:47:00,2021-12-02
Light,2021-12-02 01:47:00,2021-12-02 01:57:00,2021-12-02
Deep,2021-12-02 01:57:00,2021-12-02 02:26:00,2021-12-02
Light,2021-12-02 02:26:00,2021-12-02 03:08:00,2021-12-02
Deep,2021-12-02 03:08:00,2021-12-02 03:26:00,2021-12-02
Light,2021-12-02 03:26:00,2021-12-02 03:59:00,2021-12-02
REM,2021-12-02 03:59:00,2021-12-02 04:29:00,2021-12-02
Light,2021-12-02 04:29:00,2021-12-02 05:04:00,2021-12-02
Deep,2021-12-02 05:04:00,2021-12-02 05:37:00,2021-12-02
REM,2021-12-02 05:37:00,2021-12-02 06:20:00,2021-12-02
Light,2021-12-02 06:20:00,2021-12-02 06:33:00,2021-12-02
Deep,2021-12-02 06:33:00,2021-12-02 07:00:00,2021-12-02
Light,2021-12-02 07:00:00,2021-12-02 07:12:00,2021-12-02
REM,2021-12-02 07:12:00,2021-12-02 07:26:00,2021-12-02
Light,2021-12-02 07:26:00,2021-12-02 07:36:00,2021-12-02
REM,2021-12-02 07:36:00,2021-12-02 07:45:00,2021-12-02
REM,2021-12-02 07:36:00,2021-12-02 07:45:00,2021-12-02
REM,2021-12-02 07:47:00,2021-12-02 07:49:00,2021-12-02
REM,2021-12-02 07:47:00,2021-12-02 07:49:00,2021-12-02
REM,2021-12-02 07:47:00,2021-12-02 07:49:00,2021-12-02
REM,2021-12-02 07:53:00,2021-12-02 07:59:00,2021-12-02
Light,2021-12-02 07:59:00,2021-12-02 08:31:00,2021-12-02
Deep,2021-12-02 08:31:00,2021-12-02 08:52:00,2021-12-02
Light,2021-12-02 08:52:00,2021-12-02 09:14:00,2021-12-02
REM,2021-12-02 09:14:00,2021-12-02 09:30:00,2021-12-02
Awake,2021-12-01 01:03:00,2021-12-01 02:04:00,2021-12-01
Light,2021-12-01 02:04:00,2021-12-01 02:25:00,2021-12-01
Deep,2021-12-01 02:25:00,2021-12-01 03:07:00,2021-12-01
Light,2021-12-01 03:07:00,2021-12-01 03:23:00,2021-12-01
Deep,2021-12-01 03:23:00,2021-12-01 03:49:00,2021-12-01
Light,2021-12-01 03:49:00,2021-12-01 04:01:00,2021-12-01
Deep,2021-12-01 04:01:00,2021-12-01 04:39:00,2021-12-01
Light,2021-12-01 04:39:00,2021-12-01 04:50:00,2021-12-01
REM,2021-12-01 04:50:00,2021-12-01 05:05:00,2021-12-01
Awake,2021-12-01 05:05:00,2021-12-01 05:11:00,2021-12-01
REM,2021-12-01 05:11:00,2021-12-01 05:31:00,2021-12-01
Light,2021-12-01 05:31:00,2021-12-01 05:50:00,2021-12-01
Deep,2021-12-01 05:50:00,2021-12-01 06:16:00,2021-12-01
Light,2021-12-01 06:16:00,2021-12-01 06:32:00,2021-12-01
Deep,2021-12-01 06:32:00,2021-12-01 06:51:00,2021-12-01
REM,2021-12-01 06:51:00,2021-12-01 07:21:00,2021-12-01
Light,2021-12-01 07:21:00,2021-12-01 07:47:00,2021-12-01
Awake,2021-11-30 22:13:00,2021-11-30 22:49:00,2021-11-30
Light,2021-11-30 22:49:00,2021-11-30 22:52:00,2021-11-30
Awake,2021-11-30 22:52:00,2021-11-30 22:59:00,2021-11-30
Light,2021-11-30 22:59:00,2021-11-30 23:06:00,2021-11-30
Awake,2021-11-30 23:06:00,2021-11-30 23:16:00,2021-11-30
Light,2021-11-30 23:16:00,2021-11-30 23:36:00,2021-11-30
Light,2021-11-30 23:16:00,2021-11-30 23:36:00,2021-11-30
Awake,2021-11-30 23:38:00,2021-11-30 00:08:00,2021-11-30
Light,2021-11-30 00:08:00,2021-11-30 00:23:00,2021-11-30
Deep,2021-11-30 00:23:00,2021-11-30 00:53:00,2021-11-30
Light,2021-11-30 00:53:00,2021-11-30 01:29:00,2021-11-30
Deep,2021-11-30 01:29:00,2021-11-30 01:47:00,2021-11-30
Light,2021-11-30 01:47:00,2021-11-30 01:58:00,2021-11-30
Deep,2021-11-30 01:58:00,2021-11-30 02:15:00,2021-11-30
Light,2021-11-30 02:15:00,2021-11-30 02:30:00,2021-11-30
REM,2021-11-30 02:30:00,2021-11-30 03:18:00,2021-11-30
Deep,2021-11-30 03:18:00,2021-11-30 04:05:00,2021-11-30
Light,2021-11-30 04:05:00,2021-11-30 04:23:00,2021-11-30
Deep,2021-11-30 04:23:00,2021-11-30 04:32:00,2021-11-30
Awake,2021-11-30 04:32:00,2021-11-30 04:46:00,2021-11-30
REM,2021-11-30 04:46:00,2021-11-30 05:45:00,2021-11-30
Light,2021-11-30 05:45:00,2021-11-30 05:57:00,2021-11-30
Deep,2021-11-30 05:57:00,2021-11-30 06:08:00,2021-11-30
Light,2021-11-30 06:08:00,2021-11-30 06:25:00,2021-11-30
Deep,2021-11-30 06:25:00,2021-11-30 06:36:00,2021-11-30
REM,2021-11-30 06:36:00,2021-11-30 07:05:00,2021-11-30
REM,2021-11-30 06:36:00,2021-11-30 07:05:00,2021-11-30
Light,2021-11-30 07:08:00,2021-11-30 07:48:00,2021-11-30
Awake,2021-11-29 23:41:00,2021-11-29 00:31:00,2021-11-29
Light,2021-11-29 00:31:00,2021-11-29 00:47:00,2021-11-29
Deep,2021-11-29 00:47:00,2021-11-29 01:45:00,2021-11-29
Light,2021-11-29 01:45:00,2021-11-29 02:10:00,2021-11-29
Deep,2021-11-29 02:10:00,2021-11-29 02:28:00,2021-11-29
Light,2021-11-29 02:28:00,2021-11-29 02:39:00,2021-11-29
Deep,2021-11-29 02:39:00,2021-11-29 03:03:00,2021-11-29
Light,2021-11-29 03:03:00,2021-11-29 03:16:00,2021-11-29
REM,2021-11-29 03:16:00,2021-11-29 03:32:00,2021-11-29
Awake,2021-11-29 03:32:00,2021-11-29 03:38:00,2021-11-29
REM,2021-11-29 03:38:00,2021-11-29 03:49:00,2021-11-29
Light,2021-11-29 03:49:00,2021-11-29 04:01:00,2021-11-29
Deep,2021-11-29 04:01:00,2021-11-29 04:24:00,2021-11-29
Light,2021-11-29 04:24:00,2021-11-29 04:36:00,2021-11-29
Deep,2021-11-29 04:36:00,2021-11-29 04:47:00,2021-11-29
Light,2021-11-29 04:47:00,2021-11-29 05:13:00,2021-11-29
REM,2021-11-29 05:13:00,2021-11-29 06:02:00,2021-11-29
Light,2021-11-29 06:02:00,2021-11-29 06:45:00,2021-11-29
Awake,2021-11-29 06:45:00,2021-11-29 06:55:00,2021-11-29
Light,2021-11-29 06:55:00,2021-11-29 07:13:00,2021-11-29
REM,2021-11-29 07:13:00,2021-11-29 07:23:00,2021-11-29
Light,2021-11-29 07:23:00,2021-11-29 07:43:00,2021-11-29
Awake,2021-11-28 01:13:00,2021-11-28 01:42:00,2021-11-28
Deep,2021-11-28 01:42:00,2021-11-28 02:58:00,2021-11-28
Light,2021-11-28 02:58:00,2021-11-28 03:16:00,2021-11-28
Deep,2021-11-28 03:16:00,2021-11-28 03:30:00,2021-11-28
Light,2021-11-28 03:30:00,2021-11-28 04:04:00,2021-11-28
Awake,2021-11-28 04:04:00,2021-11-28 04:12:00,2021-11-28
Light,2021-11-28 04:12:00,2021-11-28 04:23:00,2021-11-28
REM,2021-11-28 04:23:00,2021-11-28 04:27:00,2021-11-28
Awake,2021-11-28 04:27:00,2021-11-28 04:38:00,2021-11-28
REM,2021-11-28 04:38:00,2021-11-28 04:43:00,2021-11-28
Light,2021-11-28 04:43:00,2021-11-28 05:24:00,2021-11-28
Deep,2021-11-28 05:24:00,2021-11-28 05:42:00,2021-11-28
Light,2021-11-28 05:42:00,2021-11-28 05:48:00,2021-11-28
Awake,2021-11-28 05:48:00,2021-11-28 05:58:00,2021-11-28
Light,2021-11-28 05:58:00,2021-11-28 06:07:00,2021-11-28
REM,2021-11-28 06:07:00,2021-11-28 06:10:00,2021-11-28
Awake,2021-11-28 06:10:00,2021-11-28 06:17:00,2021-11-28
REM,2021-11-28 06:17:00,2021-11-28 06:37:00,2021-11-28
Light,2021-11-28 06:37:00,2021-11-28 06:55:00,2021-11-28
Deep,2021-11-28 06:55:00,2021-11-28 07:40:00,2021-11-28
Light,2021-11-28 07:40:00,2021-11-28 08:01:00,2021-11-28
REM,2021-11-28 08:01:00,2021-11-28 08:19:00,2021-11-28
Awake,2021-11-27 23:47:00,2021-11-27 00:38:00,2021-11-27
Light,2021-11-27 00:38:00,2021-11-27 00:44:00,2021-11-27
Deep,2021-11-27 00:44:00,2021-11-27 00:58:00,2021-11-27
Light,2021-11-27 00:58:00,2021-11-27 01:10:00,2021-11-27
Deep,2021-11-27 01:10:00,2021-11-27 02:49:00,2021-11-27
Deep,2021-11-27 01:10:00,2021-11-27 02:49:00,2021-11-27
Awake,2021-11-27 02:52:00,2021-11-27 03:12:00,2021-11-27
Light,2021-11-27 03:12:00,2021-11-27 03:42:00,2021-11-27
REM,2021-11-27 03:42:00,2021-11-27 03:54:00,2021-11-27
Light,2021-11-27 03:54:00,2021-11-27 04:29:00,2021-11-27
Deep,2021-11-27 04:29:00,2021-11-27 04:59:00,2021-11-27
Deep,2021-11-27 04:29:00,2021-11-27 04:59:00,2021-11-27
Awake,2021-11-27 05:00:00,2021-11-27 05:06:00,2021-11-27
Light,2021-11-27 05:06:00,2021-11-27 05:23:00,2021-11-27
Light,2021-11-27 05:06:00,2021-11-27 05:23:00,2021-11-27
Light,2021-11-27 05:26:00,2021-11-27 05:38:00,2021-11-27
Awake,2021-11-27 05:38:00,2021-11-27 06:09:00,2021-11-27
Light,2021-11-27 06:09:00,2021-11-27 06:43:00,2021-11-27
Deep,2021-11-27 06:43:00,2021-11-27 06:54:00,2021-11-27
Light,2021-11-27 06:54:00,2021-11-27 07:08:00,2021-11-27
Deep,2021-11-27 07:08:00,2021-11-27 07:20:00,2021-11-27
Light,2021-11-27 07:20:00,2021-11-27 07:36:00,2021-11-27
REM,2021-11-27 07:36:00,2021-11-27 08:08:00,2021-11-27
Light,2021-11-27 08:08:00,2021-11-27 09:00:00,2021-11-27
Awake,2021-11-26 00:28:00,2021-11-26 00:51:00,2021-11-26
Light,2021-11-26 00:51:00,2021-11-26 01:05:00,2021-11-26
Deep,2021-11-26 01:05:00,2021-11-26 01:23:00,2021-11-26
Light,2021-11-26 01:23:00,2021-11-26 01:47:00,2021-11-26
Deep,2021-11-26 01:47:00,2021-11-26 02:38:00,2021-11-26
Light,2021-11-26 02:38:00,2021-11-26 02:53:00,2021-11-26
Awake,2021-11-26 02:53:00,2021-11-26 03:02:00,2021-11-26
Light,2021-11-26 03:02:00,2021-11-26 03:10:00,2021-11-26
REM,2021-11-26 03:10:00,2021-11-26 03:33:00,2021-11-26
Light,2021-11-26 03:33:00,2021-11-26 03:55:00,2021-11-26
Deep,2021-11-26 03:55:00,2021-11-26 04:13:00,2021-11-26
Light,2021-11-26 04:13:00,2021-11-26 04:50:00,2021-11-26
REM,2021-11-26 04:50:00,2021-11-26 05:45:00,2021-11-26
Light,2021-11-26 05:45:00,2021-11-26 06:26:00,2021-11-26
Deep,2021-11-26 06:26:00,2021-11-26 06:44:00,2021-11-26
Deep,2021-11-26 06:26:00,2021-11-26 06:44:00,2021-11-26
Light,2021-11-26 06:46:00,2021-11-26 07:51:00,2021-11-26
Awake,2021-11-25 23:40:00,2021-11-25 01:06:00,2021-11-25
Light,2021-11-25 01:06:00,2021-11-25 01:17:00,2021-11-25
Deep,2021-11-25 01:17:00,2021-11-25 01:35:00,2021-11-25
Light,2021-11-25 01:35:00,2021-11-25 01:45:00,2021-11-25
Deep,2021-11-25 01:45:00,2021-11-25 03:30:00,2021-11-25
Light,2021-11-25 03:30:00,2021-11-25 03:42:00,2021-11-25
REM,2021-11-25 03:42:00,2021-11-25 03:55:00,2021-11-25
Light,2021-11-25 03:55:00,2021-11-25 04:23:00,2021-11-25
Deep,2021-11-25 04:23:00,2021-11-25 04:51:00,2021-11-25
Light,2021-11-25 04:51:00,2021-11-25 05:36:00,2021-11-25
REM,2021-11-25 05:36:00,2021-11-25 06:15:00,2021-11-25
Light,2021-11-25 06:15:00,2021-11-25 07:18:00,2021-11-25
Awake,2021-11-25 07:18:00,2021-11-25 07:27:00,2021-11-25
Awake,2021-11-24 23:49:00,2021-11-24 01:01:00,2021-11-24
Light,2021-11-24 01:01:00,2021-11-24 01:18:00,2021-11-24
Deep,2021-11-24 01:18:00,2021-11-24 02:27:00,2021-11-24
Light,2021-11-24 02:27:00,2021-11-24 02:36:00,2021-11-24
Deep,2021-11-24 02:36:00,2021-11-24 03:38:00,2021-11-24
Light,2021-11-24 03:38:00,2021-11-24 03:50:00,2021-11-24
REM,2021-11-24 03:50:00,2021-11-24 04:03:00,2021-11-24
Light,2021-11-24 04:03:00,2021-11-24 04:19:00,2021-11-24
Deep,2021-11-24 04:19:00,2021-11-24 04:47:00,2021-11-24
Light,2021-11-24 04:47:00,2021-11-24 04:57:00,2021-11-24
Deep,2021-11-24 04:57:00,2021-11-24 05:05:00,2021-11-24
Awake,2021-11-24 05:05:00,2021-11-24 05:11:00,2021-11-24
Light,2021-11-24 05:11:00,2021-11-24 05:20:00,2021-11-24
REM,2021-11-24 05:20:00,2021-11-24 06:02:00,2021-11-24
Light,2021-11-24 06:02:00,2021-11-24 06:55:00,2021-11-24
REM,2021-11-24 06:55:00,2021-11-24 07:55:00,2021-11-24
Awake,2021-11-23 23:35:00,2021-11-23 00:44:00,2021-11-23
Light,2021-11-23 00:44:00,2021-11-23 00:50:00,2021-11-23
Awake,2021-11-23 00:50:00,2021-11-23 00:57:00,2021-11-23
Light,2021-11-23 00:57:00,2021-11-23 01:18:00,2021-11-23
Deep,2021-11-23 01:18:00,2021-11-23 01:33:00,2021-11-23
Light,2021-11-23 01:33:00,2021-11-23 01:43:00,2021-11-23
Deep,2021-11-23 01:43:00,2021-11-23 02:19:00,2021-11-23
Light,2021-11-23 02:19:00,2021-11-23 03:10:00,2021-11-23
Deep,2021-11-23 03:10:00,2021-11-23 03:44:00,2021-11-23
Light,2021-11-23 03:44:00,2021-11-23 04:09:00,2021-11-23
Deep,2021-11-23 04:09:00,2021-11-23 04:21:00,2021-11-23
Awake,2021-11-23 04:21:00,2021-11-23 04:28:00,2021-11-23
Light,2021-11-23 04:28:00,2021-11-23 04:38:00,2021-11-23
REM,2021-11-23 04:38:00,2021-11-23 05:15:00,2021-11-23
Light,2021-11-23 05:15:00,2021-11-23 06:41:00,2021-11-23
REM,2021-11-23 06:41:00,2021-11-23 07:23:00,2021-11-23
Light,2021-11-23 07:23:00,2021-11-23 07:55:00,2021-11-23
Awake,2021-11-22 23:32:00,2021-11-22 23:43:00,2021-11-22
Light,2021-11-22 23:43:00,2021-11-22 23:49:00,2021-11-22
Light,2021-11-22 23:43:00,2021-11-22 23:49:00,2021-11-22
Awake,2021-11-22 23:52:00,2021-11-22 00:12:00,2021-11-22
Light,2021-11-22 00:12:00,2021-11-22 00:41:00,2021-11-22
Deep,2021-11-22 00:41:00,2021-11-22 00:50:00,2021-11-22
Deep,2021-11-22 00:41:00,2021-11-22 00:50:00,2021-11-22
Deep,2021-11-22 00:41:00,2021-11-22 00:50:00,2021-11-22
Light,2021-11-22 00:55:00,2021-11-22 01:08:00,2021-11-22
Deep,2021-11-22 01:08:00,2021-11-22 01:52:00,2021-11-22
REM,2021-11-22 01:52:00,2021-11-22 02:01:00,2021-11-22
Light,2021-11-22 02:01:00,2021-11-22 02:18:00,2021-11-22
Deep,2021-11-22 02:18:00,2021-11-22 03:01:00,2021-11-22
Light,2021-11-22 03:01:00,2021-11-22 03:11:00,2021-11-22
REM,2021-11-22 03:11:00,2021-11-22 03:49:00,2021-11-22
Light,2021-11-22 03:49:00,2021-11-22 04:07:00,2021-11-22
Deep,2021-11-22 04:07:00,2021-11-22 04:17:00,2021-11-22
Light,2021-11-22 04:17:00,2021-11-22 04:55:00,2021-11-22
Awake,2021-11-22 04:55:00,2021-11-22 05:02:00,2021-11-22
Light,2021-11-22 05:02:00,2021-11-22 05:25:00,2021-11-22
REM,2021-11-22 05:25:00,2021-11-22 06:07:00,2021-11-22
Light,2021-11-22 06:07:00,2021-11-22 07:07:00,2021-11-22
Awake,2021-11-22 07:07:00,2021-11-22 07:14:00,2021-11-22
Light,2021-11-22 07:14:00,2021-11-22 07:45:00,2021-11-22
Awake,2021-11-22 07:45:00,2021-11-22 07:51:00,2021-11-22
Light,2021-11-22 07:51:00,2021-11-22 08:10:00,2021-11-22
Awake,2021-11-21 00:27:00,2021-11-21 01:08:00,2021-11-21
Light,2021-11-21 01:08:00,2021-11-21 01:21:00,2021-11-21
Deep,2021-11-21 01:21:00,2021-11-21 02:26:00,2021-11-21
Light,2021-11-21 02:26:00,2021-11-21 03:09:00,2021-11-21
Deep,2021-11-21 03:09:00,2021-11-21 04:00:00,2021-11-21
REM,2021-11-21 04:00:00,2021-11-21 04:16:00,2021-11-21
REM,2021-11-21 04:00:00,2021-11-21 04:16:00,2021-11-21
Awake,2021-11-21 04:19:00,2021-11-21 04:26:00,2021-11-21
Light,2021-11-21 04:26:00,2021-11-21 05:28:00,2021-11-21
REM,2021-11-21 05:28:00,2021-11-21 05:54:00,2021-11-21
Light,2021-11-21 05:54:00,2021-11-21 06:47:00,2021-11-21
Deep,2021-11-21 06:47:00,2021-11-21 06:58:00,2021-11-21
Light,2021-11-21 06:58:00,2021-11-21 07:12:00,2021-11-21
REM,2021-11-21 07:12:00,2021-11-21 07:23:00,2021-11-21
Light,2021-11-21 07:23:00,2021-11-21 07:37:00,2021-11-21
REM,2021-11-21 07:37:00,2021-11-21 07:50:00,2021-11-21
Light,2021-11-21 07:50:00,2021-11-21 08:16:00,2021-11-21
Awake,2021-11-21 08:16:00,2021-11-21 08:39:00,2021-11-21
Awake,2021-11-20 00:13:00,2021-11-20 00:33:00,2021-11-20
Light,2021-11-20 00:33:00,2021-11-20 00:46:00,2021-11-20
Deep,2021-11-20 00:46:00,2021-11-20 01:31:00,2021-11-20
Light,2021-11-20 01:31:00,2021-11-20 02:01:00,2021-11-20
Deep,2021-11-20 02:01:00,2021-11-20 03:08:00,2021-11-20
REM,2021-11-20 03:08:00,2021-11-20 03:53:00,2021-11-20
Light,2021-11-20 03:53:00,2021-11-20 04:12:00,2021-11-20
Deep,2021-11-20 04:12:00,2021-11-20 04:36:00,2021-11-20
Light,2021-11-20 04:36:00,2021-11-20 04:55:00,2021-11-20
Awake,2021-11-20 04:55:00,2021-11-20 05:03:00,2021-11-20
Light,2021-11-20 05:03:00,2021-11-20 05:15:00,2021-11-20
REM,2021-11-20 05:15:00,2021-11-20 05:48:00,2021-11-20
Light,2021-11-20 05:48:00,2021-11-20 06:21:00,2021-11-20
Deep,2021-11-20 06:21:00,2021-11-20 06:56:00,2021-11-20
REM,2021-11-20 06:56:00,2021-11-20 07:31:00,2021-11-20
Light,2021-11-20 07:31:00,2021-11-20 08:10:00,2021-11-20
Awake,2021-11-19 00:24:00,2021-11-19 00:59:00,2021-11-19
REM,2021-11-19 00:59:00,2021-11-19 01:00:00,2021-11-19
Light,2021-11-19 01:00:00,2021-11-19 01:14:00,2021-11-19
Deep,2021-11-19 01:14:00,2021-11-19 02:34:00,2021-11-19
Light,2021-11-19 02:34:00,2021-11-19 03:09:00,2021-11-19
Deep,2021-11-19 03:09:00,2021-11-19 03:50:00,2021-11-19
Light,2021-11-19 03:50:00,2021-11-19 04:00:00,2021-11-19
REM,2021-11-19 04:00:00,2021-11-19 04:31:00,2021-11-19
Light,2021-11-19 04:31:00,2021-11-19 05:03:00,2021-11-19
Deep,2021-11-19 05:03:00,2021-11-19 05:34:00,2021-11-19
Light,2021-11-19 05:34:00,2021-11-19 06:15:00,2021-11-19
Light,2021-11-19 05:34:00,2021-11-19 06:15:00,2021-11-19
Light,2021-11-19 06:18:00,2021-11-19 07:37:00,2021-11-19
Deep,2021-11-19 07:37:00,2021-11-19 07:50:00,2021-11-19
Awake,2021-11-18 01:34:00,2021-11-18 01:39:00,2021-11-18
Light,2021-11-18 01:39:00,2021-11-18 01:56:00,2021-11-18
Deep,2021-11-18 01:56:00,2021-11-18 02:44:00,2021-11-18
REM,2021-11-18 02:44:00,2021-11-18 02:56:00,2021-11-18
Deep,2021-11-18 02:56:00,2021-11-18 03:55:00,2021-11-18
Light,2021-11-18 03:55:00,2021-11-18 04:08:00,2021-11-18
REM,2021-11-18 04:08:00,2021-11-18 04:29:00,2021-11-18
Deep,2021-11-18 04:29:00,2021-11-18 05:14:00,2021-11-18
Light,2021-11-18 05:14:00,2021-11-18 05:25:00,2021-11-18
REM,2021-11-18 05:25:00,2021-11-18 06:05:00,2021-11-18
Light,2021-11-18 06:05:00,2021-11-18 06:58:00,2021-11-18
REM,2021-11-18 06:58:00,2021-11-18 07:30:00,2021-11-18
Light,2021-11-18 07:30:00,2021-11-18 07:51:00,2021-11-18
REM,2021-11-18 07:51:00,2021-11-18 08:02:00,2021-11-18
Awake,2021-11-17 22:52:00,2021-11-17 23:55:00,2021-11-17
Light,2021-11-17 23:55:00,2021-11-17 00:05:00,2021-11-17
Deep,2021-11-17 00:05:00,2021-11-17 01:01:00,2021-11-17
Light,2021-11-17 01:01:00,2021-11-17 01:27:00,2021-11-17
Deep,2021-11-17 01:27:00,2021-11-17 01:43:00,2021-11-17
Light,2021-11-17 01:43:00,2021-11-17 01:58:00,2021-11-17
Deep,2021-11-17 01:58:00,2021-11-17 02:23:00,2021-11-17
REM,2021-11-17 02:23:00,2021-11-17 02:48:00,2021-11-17
Light,2021-11-17 02:48:00,2021-11-17 03:25:00,2021-11-17
Deep,2021-11-17 03:25:00,2021-11-17 03:39:00,2021-11-17
Awake,2021-11-17 03:39:00,2021-11-17 03:46:00,2021-11-17
Light,2021-11-17 03:46:00,2021-11-17 04:14:00,2021-11-17
REM,2021-11-17 04:14:00,2021-11-17 05:14:00,2021-11-17
Light,2021-11-17 05:14:00,2021-11-17 05:36:00,2021-11-17
Deep,2021-11-17 05:36:00,2021-11-17 06:05:00,2021-11-17
Awake,2021-11-17 06:05:00,2021-11-17 06:17:00,2021-11-17
Light,2021-11-17 06:17:00,2021-11-17 06:22:00,2021-11-17
REM,2021-11-17 06:22:00,2021-11-17 06:58:00,2021-11-17
Awake,2021-11-17 06:58:00,2021-11-17 07:11:00,2021-11-17
Awake,2021-11-16 01:27:00,2021-11-16 01:48:00,2021-11-16
Light,2021-11-16 01:48:00,2021-11-16 01:57:00,2021-11-16
Deep,2021-11-16 01:57:00,2021-11-16 02:45:00,2021-11-16
REM,2021-11-16 02:45:00,2021-11-16 02:54:00,2021-11-16
Deep,2021-11-16 02:54:00,2021-11-16 03:28:00,2021-11-16
Light,2021-11-16 03:28:00,2021-11-16 03:41:00,2021-11-16
Deep,2021-11-16 03:41:00,2021-11-16 03:57:00,2021-11-16
Light,2021-11-16 03:57:00,2021-11-16 04:22:00,2021-11-16
REM,2021-11-16 04:22:00,2021-11-16 04:58:00,2021-11-16
Light,2021-11-16 04:58:00,2021-11-16 05:44:00,2021-11-16
Deep,2021-11-16 05:44:00,2021-11-16 06:00:00,2021-11-16
Light,2021-11-16 06:00:00,2021-11-16 06:17:00,2021-11-16
REM,2021-11-16 06:17:00,2021-11-16 07:14:00,2021-11-16
Light,2021-11-16 07:14:00,2021-11-16 07:50:00,2021-11-16
Awake,2021-11-15 23:38:00,2021-11-15 00:30:00,2021-11-15
Light,2021-11-15 00:30:00,2021-11-15 00:41:00,2021-11-15
Deep,2021-11-15 00:41:00,2021-11-15 01:34:00,2021-11-15
Light,2021-11-15 01:34:00,2021-11-15 01:44:00,2021-11-15
Deep,2021-11-15 01:44:00,2021-11-15 02:29:00,2021-11-15
Light,2021-11-15 02:29:00,2021-11-15 02:48:00,2021-11-15
REM,2021-11-15 02:48:00,2021-11-15 03:08:00,2021-11-15
Light,2021-11-15 03:08:00,2021-11-15 03:30:00,2021-11-15
Deep,2021-11-15 03:30:00,2021-11-15 03:40:00,2021-11-15
Light,2021-11-15 03:40:00,2021-11-15 03:58:00,2021-11-15
Deep,2021-11-15 03:58:00,2021-11-15 04:10:00,2021-11-15
Light,2021-11-15 04:10:00,2021-11-15 04:17:00,2021-11-15
Awake,2021-11-15 04:17:00,2021-11-15 04:38:00,2021-11-15
Light,2021-11-15 04:38:00,2021-11-15 04:42:00,2021-11-15
REM,2021-11-15 04:42:00,2021-11-15 04:52:00,2021-11-15
Awake,2021-11-15 04:52:00,2021-11-15 05:07:00,2021-11-15
REM,2021-11-15 05:07:00,2021-11-15 05:17:00,2021-11-15
Light,2021-11-15 05:17:00,2021-11-15 06:40:00,2021-11-15
REM,2021-11-15 06:40:00,2021-11-15 07:08:00,2021-11-15
Awake,2021-11-15 07:08:00,2021-11-15 07:14:00,2021-11-15
Light,2021-11-15 07:14:00,2021-11-15 08:04:00,2021-11-15
Awake,2021-11-14 00:14:00,2021-11-14 01:02:00,2021-11-14
Light,2021-11-14 01:02:00,2021-11-14 01:17:00,2021-11-14
Deep,2021-11-14 01:17:00,2021-11-14 01:41:00,2021-11-14
Deep,2021-11-14 01:17:00,2021-11-14 01:41:00,2021-11-14
Deep,2021-11-14 01:43:00,2021-11-14 01:45:00,2021-11-14
Light,2021-11-14 01:45:00,2021-11-14 02:37:00,2021-11-14
Deep,2021-11-14 02:37:00,2021-11-14 03:39:00,2021-11-14
Light,2021-11-14 03:39:00,2021-11-14 03:51:00,2021-11-14
REM,2021-11-14 03:51:00,2021-11-14 04:14:00,2021-11-14
Light,2021-11-14 04:14:00,2021-11-14 04:30:00,2021-11-14
Deep,2021-11-14 04:30:00,2021-11-14 04:40:00,2021-11-14
Light,2021-11-14 04:40:00,2021-11-14 05:02:00,2021-11-14
Deep,2021-11-14 05:02:00,2021-11-14 05:16:00,2021-11-14
Awake,2021-11-14 05:16:00,2021-11-14 05:23:00,2021-11-14
Light,2021-11-14 05:23:00,2021-11-14 05:33:00,2021-11-14
REM,2021-11-14 05:33:00,2021-11-14 06:04:00,2021-11-14
Light,2021-11-14 06:04:00,2021-11-14 06:42:00,2021-11-14
Deep,2021-11-14 06:42:00,2021-11-14 06:53:00,2021-11-14
Light,2021-11-14 06:53:00,2021-11-14 07:13:00,2021-11-14
REM,2021-11-14 07:13:00,2021-11-14 07:37:00,2021-11-14
Light,2021-11-14 07:37:00,2021-11-14 07:50:00,2021-11-14
