Humidity,Temperature,Light,Time stamp,Date
62.2,20.0,1256,2021-11-13 18:45:09.004,2021-11-13
62.6,20.0,1755,2021-11-13 19:06:48.147,2021-11-13
64.7,19.8,1747,2021-11-13 19:16:49.476,2021-11-13
65.4,19.5,1736,2021-11-13 19:26:50.661,2021-11-13
65.1,19.4,1738,2021-11-13 19:36:51.835,2021-11-13
64.7,19.4,1737,2021-11-13 19:46:54.095,2021-11-13
65.3,19.3,1739,2021-11-13 19:56:55.202,2021-11-13
66.3,19.3,1734,2021-11-13 20:06:56.269,2021-11-13
68.5,19.3,1727,2021-11-13 20:16:57.428,2021-11-13
68.3,19.3,1733,2021-11-13 20:26:58.667,2021-11-13
67.7,19.3,1728,2021-11-13 20:36:59.875,2021-11-13
66.8,19.3,1732,2021-11-13 20:47:00.952,2021-11-13
66.1,19.2,1738,2021-11-13 20:57:02.146,2021-11-13
65.1,19.2,1730,2021-11-13 21:07:03.349,2021-11-13
64.5,19.2,1735,2021-11-13 21:17:05.020,2021-11-13
64.3,19.2,1730,2021-11-13 21:27:06.306,2021-11-13
63.1,19.2,1733,2021-11-13 21:37:07.556,2021-11-13
61.5,19.1,1735,2021-11-13 21:47:08.871,2021-11-13
60.6,19.1,1737,2021-11-13 21:57:12.408,2021-11-13
59.9,19.0,1735,2021-11-13 22:07:13.679,2021-11-13
58.8,19.0,1754,2021-11-13 22:17:14.762,2021-11-13
58.4,18.9,1776,2021-11-13 22:27:16.048,2021-11-13
59.5,18.9,1773,2021-11-13 22:37:17.170,2021-11-13
60.0,19.2,1774,2021-11-13 22:47:18.540,2021-11-13
60.0,19.2,1775,2021-11-13 22:57:19.969,2021-11-13
60.7,19.3,1769,2021-11-13 23:07:21.140,2021-11-13
61.1,19.1,1763,2021-11-13 23:17:22.308,2021-11-13
61.9,19.2,1769,2021-11-13 23:27:23.561,2021-11-13
62.1,19.4,1785,2021-11-13 23:37:24.783,2021-11-13
61.4,19.4,1779,2021-11-13 23:47:26.067,2021-11-13
62.3,19.2,1782,2021-11-13 23:57:27.387,2021-11-13
63.3,19.3,1773,2021-11-14 00:07:28.680,2021-11-14
63.6,19.4,310,2021-11-14 00:17:29.821,2021-11-14
63.0,19.4,0,2021-11-14 00:27:31.418,2021-11-14
64.0,19.4,0,2021-11-14 00:37:32.698,2021-11-14
64.5,19.2,0,2021-11-14 00:47:34.225,2021-11-14
64.4,19.3,0,2021-11-14 00:57:35.724,2021-11-14
64.5,19.3,0,2021-11-14 01:07:36.954,2021-11-14
65.1,19.2,0,2021-11-14 01:17:38.182,2021-11-14
65.3,19.2,0,2021-11-14 01:27:39.798,2021-11-14
65.3,19.2,0,2021-11-14 01:37:41.177,2021-11-14
65.5,19.1,0,2021-11-14 01:47:42.353,2021-11-14
65.2,19.1,0,2021-11-14 01:57:43.953,2021-11-14
65.2,19.1,0,2021-11-14 02:07:45.327,2021-11-14
65.6,19.0,0,2021-11-14 02:17:46.609,2021-11-14
65.7,19.1,0,2021-11-14 02:27:47.773,2021-11-14
66.0,19.0,0,2021-11-14 02:37:48.875,2021-11-14
66.2,19.0,0,2021-11-14 02:47:50.084,2021-11-14
66.6,18.9,0,2021-11-14 02:57:51.169,2021-11-14
67.0,19.0,0,2021-11-14 03:07:52.286,2021-11-14
67.1,19.0,0,2021-11-14 03:17:53.573,2021-11-14
65.7,18.9,0,2021-11-14 03:27:54.771,2021-11-14
68.0,18.9,0,2021-11-14 03:37:55.977,2021-11-14
67.9,18.9,0,2021-11-14 03:47:57.157,2021-11-14
68.3,18.9,0,2021-11-14 03:57:58.352,2021-11-14
68.2,18.9,0,2021-11-14 04:07:59.543,2021-11-14
68.0,18.9,0,2021-11-14 04:18:01.079,2021-11-14
68.0,19.0,0,2021-11-14 04:28:02.298,2021-11-14
68.6,19.0,0,2021-11-14 04:38:03.568,2021-11-14
68.5,18.9,0,2021-11-14 04:48:04.652,2021-11-14
68.7,18.9,0,2021-11-14 04:58:05.857,2021-11-14
69.0,18.9,0,2021-11-14 05:08:07.082,2021-11-14
68.6,18.9,0,2021-11-14 05:18:08.268,2021-11-14
68.9,18.9,0,2021-11-14 05:28:09.491,2021-11-14
69.4,18.9,0,2021-11-14 05:38:10.656,2021-11-14
69.2,18.9,0,2021-11-14 05:48:11.858,2021-11-14
69.0,18.9,0,2021-11-14 05:58:12.950,2021-11-14
69.7,19.2,0,2021-11-14 06:08:14.052,2021-11-14
69.0,19.9,0,2021-11-14 06:18:15.266,2021-11-14
67.1,20.6,0,2021-11-14 06:28:16.589,2021-11-14
65.9,21.1,0,2021-11-14 06:38:17.739,2021-11-14
65.2,21.3,0,2021-11-14 06:48:18.950,2021-11-14
65.3,21.2,0,2021-11-14 06:58:20.262,2021-11-14
64.6,21.2,0,2021-11-14 07:08:21.434,2021-11-14
65.5,21.2,0,2021-11-14 07:18:22.552,2021-11-14
65.5,21.0,0,2021-11-14 07:28:23.663,2021-11-14
65.9,20.9,0,2021-11-14 07:38:24.866,2021-11-14
66.2,20.8,0,2021-11-14 07:48:26.055,2021-11-14
66.3,20.7,0,2021-11-14 07:58:27.242,2021-11-14
66.0,20.7,682,2021-11-14 08:08:28.484,2021-11-14
66.2,20.6,1420,2021-11-14 08:18:29.691,2021-11-14
65.9,20.8,924,2021-11-14 08:28:30.943,2021-11-14
62.7,20.5,1257,2021-11-14 08:38:32.035,2021-11-14
61.9,20.3,1244,2021-11-14 08:48:33.222,2021-11-14
61.6,20.0,1250,2021-11-14 08:58:34.440,2021-11-14
62.2,20.0,1398,2021-11-14 09:08:35.532,2021-11-14
64.0,19.8,1524,2021-11-14 09:18:36.734,2021-11-14
65.0,19.6,1488,2021-11-14 09:28:37.816,2021-11-14
65.2,19.7,1595,2021-11-14 09:38:39.074,2021-11-14
65.8,19.7,1973,2021-11-14 09:48:40.170,2021-11-14
66.1,19.7,2063,2021-11-14 09:58:41.312,2021-11-14
64.9,19.8,1972,2021-11-14 10:08:42.525,2021-11-14
65.0,19.7,2399,2021-11-14 10:18:43.744,2021-11-14
64.7,19.6,2482,2021-11-14 10:28:45.163,2021-11-14
63.8,19.6,2113,2021-11-14 10:38:46.341,2021-11-14
64.0,19.6,1632,2021-11-14 10:48:47.509,2021-11-14
64.3,19.6,1843,2021-11-14 10:58:48.809,2021-11-14
65.0,19.6,2118,2021-11-14 11:08:50.743,2021-11-14
65.4,19.6,2566,2021-11-14 11:18:51.942,2021-11-14
66.1,19.5,2285,2021-11-14 11:28:53.150,2021-11-14
65.7,19.6,1998,2021-11-14 11:38:54.380,2021-11-14
65.9,19.6,2356,2021-11-14 11:49:00.367,2021-11-14
65.9,19.6,2091,2021-11-14 11:59:01.660,2021-11-14
65.7,19.6,2240,2021-11-14 12:09:02.861,2021-11-14
66.0,19.6,2225,2021-11-14 12:19:04.238,2021-11-14
66.0,19.7,2152,2021-11-14 12:29:05.709,2021-11-14
65.8,19.6,1837,2021-11-14 12:39:06.884,2021-11-14
65.6,19.5,2293,2021-11-14 12:49:08.241,2021-11-14
65.6,19.5,2276,2021-11-14 12:59:09.676,2021-11-14
65.4,19.5,1431,2021-11-14 13:09:10.871,2021-11-14
65.4,19.5,1514,2021-11-14 13:19:12.178,2021-11-14
65.3,19.4,2022,2021-11-14 13:29:13.506,2021-11-14
65.0,19.4,2354,2021-11-14 13:39:14.680,2021-11-14
65.1,19.4,2221,2021-11-14 13:49:15.864,2021-11-14
65.0,19.4,1942,2021-11-14 13:59:16.968,2021-11-14
64.9,19.4,2153,2021-11-14 14:09:18.064,2021-11-14
64.9,19.4,1824,2021-11-14 14:19:19.269,2021-11-14
64.8,19.4,1536,2021-11-14 14:29:20.390,2021-11-14
64.7,19.3,1273,2021-11-14 14:39:21.569,2021-11-14
64.7,19.3,1299,2021-11-14 14:49:22.772,2021-11-14
64.9,19.3,1291,2021-11-14 14:59:23.990,2021-11-14
64.3,19.2,1067,2021-11-14 15:09:25.183,2021-11-14
63.2,19.2,763,2021-11-14 15:19:26.356,2021-11-14
62.1,19.1,638,2021-11-14 15:29:27.574,2021-11-14
61.6,19.0,498,2021-11-14 15:39:28.681,2021-11-14
61.6,19.1,393,2021-11-14 15:49:29.842,2021-11-14
62.3,19.1,286,2021-11-14 15:59:31.213,2021-11-14
63.1,19.2,167,2021-11-14 16:09:32.456,2021-11-14
63.6,19.2,4,2021-11-14 16:19:33.775,2021-11-14
63.7,19.1,0,2021-11-14 16:29:34.970,2021-11-14
63.5,19.1,0,2021-11-14 16:39:36.248,2021-11-14
63.5,19.1,0,2021-11-14 16:49:37.468,2021-11-14
63.5,19.1,0,2021-11-14 16:59:38.678,2021-11-14
63.3,19.1,0,2021-11-14 17:09:39.844,2021-11-14
63.3,19.1,0,2021-11-14 17:19:41.061,2021-11-14
63.2,19.0,0,2021-11-14 17:29:42.207,2021-11-14
63.3,19.0,0,2021-11-14 17:39:43.459,2021-11-14
63.2,19.0,0,2021-11-14 17:49:44.656,2021-11-14
63.1,19.0,30,2021-11-14 17:59:45.916,2021-11-14
63.2,19.0,28,2021-11-14 18:09:47.143,2021-11-14
63.7,19.0,22,2021-11-14 18:19:48.356,2021-11-14
63.8,19.0,19,2021-11-14 18:29:49.476,2021-11-14
63.8,19.0,18,2021-11-14 18:39:50.762,2021-11-14
64.0,19.0,17,2021-11-14 18:49:51.950,2021-11-14
64.2,19.1,31,2021-11-14 18:59:53.138,2021-11-14
64.4,19.1,27,2021-11-14 19:09:54.358,2021-11-14
64.9,19.1,24,2021-11-14 19:19:55.554,2021-11-14
64.8,19.1,24,2021-11-14 19:29:56.682,2021-11-14
65.2,19.2,19,2021-11-14 19:39:57.862,2021-11-14
65.5,19.2,18,2021-11-14 19:49:59.054,2021-11-14
65.3,19.2,23,2021-11-14 20:00:00.346,2021-11-14
65.4,19.2,16,2021-11-14 20:10:01.464,2021-11-14
65.5,19.2,17,2021-11-14 20:20:02.841,2021-11-14
65.0,19.2,17,2021-11-14 20:30:04.049,2021-11-14
65.4,19.2,17,2021-11-14 20:40:05.240,2021-11-14
65.6,19.2,17,2021-11-14 20:50:06.430,2021-11-14
68.1,19.2,16,2021-11-14 21:00:07.620,2021-11-14
74.7,19.3,17,2021-11-14 21:10:08.852,2021-11-14
83.1,19.4,9,2021-11-14 21:20:09.959,2021-11-14
84.0,19.5,10,2021-11-14 21:30:11.200,2021-11-14
82.5,19.6,11,2021-11-14 21:40:12.290,2021-11-14
80.4,19.5,173,2021-11-14 21:50:13.546,2021-11-14
78.2,19.5,9,2021-11-14 22:00:14.630,2021-11-14
76.9,19.5,12,2021-11-14 22:10:15.852,2021-11-14
76.1,19.4,11,2021-11-14 22:20:17.022,2021-11-14
75.5,19.4,10,2021-11-14 22:30:18.238,2021-11-14
74.8,19.4,0,2021-11-14 22:40:19.439,2021-11-14
72.5,19.4,0,2021-11-14 22:50:20.558,2021-11-14
72.2,19.4,0,2021-11-14 23:00:21.717,2021-11-14
0.0,0.0,0,2021-11-14 23:10:22.928,2021-11-14
71.1,19.3,0,2021-11-14 23:20:24.036,2021-11-14
70.6,19.3,1799,2021-11-14 23:30:25.244,2021-11-14
70.3,19.3,317,2021-11-14 23:40:26.446,2021-11-14
69.7,19.5,0,2021-11-14 23:50:27.628,2021-11-14
70.3,19.4,0,2021-11-15 00:00:28.730,2021-11-15
70.8,19.4,0,2021-11-15 00:10:29.946,2021-11-15
71.3,19.4,0,2021-11-15 00:20:31.123,2021-11-15
71.5,19.4,0,2021-11-15 00:30:32.321,2021-11-15
71.5,19.4,0,2021-11-15 00:40:33.838,2021-11-15
71.7,19.3,0,2021-11-15 00:50:35.028,2021-11-15
71.9,19.3,0,2021-11-15 01:00:36.226,2021-11-15
71.9,19.2,0,2021-11-15 01:10:37.491,2021-11-15
72.2,19.2,0,2021-11-15 01:20:38.572,2021-11-15
72.3,19.2,0,2021-11-15 01:30:39.830,2021-11-15
72.4,19.2,0,2021-11-15 01:40:40.916,2021-11-15
72.4,19.2,0,2021-11-15 01:50:42.112,2021-11-15
72.8,19.2,0,2021-11-15 02:00:43.316,2021-11-15
73.4,19.1,0,2021-11-15 02:10:44.502,2021-11-15
74.0,19.2,0,2021-11-15 02:20:45.608,2021-11-15
74.2,19.1,0,2021-11-15 02:30:46.814,2021-11-15
74.6,19.1,0,2021-11-15 02:40:47.907,2021-11-15
74.6,19.1,0,2021-11-15 02:50:49.115,2021-11-15
74.8,19.1,0,2021-11-15 03:00:50.199,2021-11-15
74.7,19.1,0,2021-11-15 03:10:51.425,2021-11-15
74.7,19.1,0,2021-11-15 03:20:52.599,2021-11-15
75.2,19.1,0,2021-11-15 03:30:53.843,2021-11-15
75.3,19.0,0,2021-11-15 03:40:55.026,2021-11-15
75.6,19.1,0,2021-11-15 03:50:56.203,2021-11-15
76.0,19.1,0,2021-11-15 04:00:57.397,2021-11-15
76.1,19.1,0,2021-11-15 04:10:58.615,2021-11-15
76.2,19.0,0,2021-11-15 04:20:59.716,2021-11-15
76.7,19.1,0,2021-11-15 04:31:00.854,2021-11-15
76.8,19.2,0,2021-11-15 04:41:01.942,2021-11-15
76.8,19.2,0,2021-11-15 04:51:03.186,2021-11-15
76.7,19.1,0,2021-11-15 05:01:04.675,2021-11-15
76.5,19.1,0,2021-11-15 05:11:05.776,2021-11-15
76.7,19.1,0,2021-11-15 05:21:06.992,2021-11-15
76.7,19.1,0,2021-11-15 05:31:08.109,2021-11-15
76.7,19.1,0,2021-11-15 05:41:09.285,2021-11-15
76.6,19.0,0,2021-11-15 05:51:10.497,2021-11-15
77.2,19.1,0,2021-11-15 06:01:11.693,2021-11-15
77.2,19.6,0,2021-11-15 06:11:12.917,2021-11-15
75.9,20.4,0,2021-11-15 06:21:14.088,2021-11-15
74.7,20.8,0,2021-11-15 06:31:15.185,2021-11-15
73.5,21.1,0,2021-11-15 06:41:16.386,2021-11-15
73.2,21.0,0,2021-11-15 06:51:17.605,2021-11-15
73.2,21.0,0,2021-11-15 07:01:18.802,2021-11-15
73.2,21.0,0,2021-11-15 07:11:20.096,2021-11-15
73.5,20.9,0,2021-11-15 07:21:21.200,2021-11-15
73.9,20.8,0,2021-11-15 07:31:22.320,2021-11-15
74.1,20.8,0,2021-11-15 07:41:23.419,2021-11-15
74.3,20.7,0,2021-11-15 07:51:24.689,2021-11-15
74.5,20.5,0,2021-11-15 08:01:25.799,2021-11-15
74.3,20.6,0,2021-11-15 08:11:27.009,2021-11-15
74.0,20.6,0,2021-11-15 08:21:28.490,2021-11-15
73.6,20.5,1316,2021-11-15 08:31:30.718,2021-11-15
73.6,20.4,680,2021-11-15 08:41:32.002,2021-11-15
72.3,20.8,929,2021-11-15 08:51:33.213,2021-11-15
73.8,20.5,1215,2021-11-15 09:01:34.298,2021-11-15
72.0,20.2,1419,2021-11-15 09:11:35.506,2021-11-15
71.1,20.1,1570,2021-11-15 09:21:36.690,2021-11-15
70.2,20.0,1819,2021-11-15 09:31:37.933,2021-11-15
70.9,20.0,1855,2021-11-15 09:41:39.101,2021-11-15
71.0,19.8,1906,2021-11-15 09:51:40.327,2021-11-15
70.6,19.9,2034,2021-11-15 10:01:41.480,2021-11-15
70.3,19.8,2091,2021-11-15 10:11:42.705,2021-11-15
68.8,19.9,2122,2021-11-15 10:21:43.896,2021-11-15
67.6,19.8,2058,2021-11-15 10:31:45.135,2021-11-15
67.3,19.8,1918,2021-11-15 10:41:46.459,2021-11-15
67.1,19.8,1903,2021-11-15 10:51:47.689,2021-11-15
66.5,19.8,1842,2021-11-15 11:01:48.907,2021-11-15
66.1,19.7,1778,2021-11-15 11:11:50.125,2021-11-15
65.6,19.6,2444,2021-11-15 11:21:51.333,2021-11-15
65.1,19.6,2350,2021-11-15 11:31:52.544,2021-11-15
64.9,19.4,2372,2021-11-15 11:41:53.719,2021-11-15
64.8,19.5,2403,2021-11-15 11:51:54.904,2021-11-15
60.9,19.4,2430,2021-11-15 12:01:56.133,2021-11-15
64.2,19.2,2527,2021-11-15 12:11:57.301,2021-11-15
64.2,19.4,2603,2021-11-15 12:21:58.502,2021-11-15
64.2,19.2,2617,2021-11-15 12:31:59.818,2021-11-15
61.7,18.8,2599,2021-11-15 12:42:01.000,2021-11-15
63.3,19.1,2695,2021-11-15 12:52:02.215,2021-11-15
0.0,0.0,2539,2021-11-15 13:02:03.390,2021-11-15
63.6,18.9,2466,2021-11-15 13:12:04.474,2021-11-15
65.0,18.7,2390,2021-11-15 13:22:05.834,2021-11-15
61.8,19.0,2267,2021-11-15 13:32:06.989,2021-11-15
62.6,19.0,2175,2021-11-15 13:42:08.201,2021-11-15
60.6,19.0,2114,2021-11-15 13:52:09.544,2021-11-15
62.3,18.4,1972,2021-11-15 14:02:10.667,2021-11-15
67.1,18.3,1832,2021-11-15 14:12:11.773,2021-11-15
61.1,19.0,1761,2021-11-15 14:22:12.994,2021-11-15
59.4,18.9,1693,2021-11-15 14:32:14.192,2021-11-15
0.0,0.0,1616,2021-11-15 14:42:15.395,2021-11-15
58.9,18.8,1467,2021-11-15 14:52:16.595,2021-11-15
58.4,18.6,1260,2021-11-15 15:02:17.803,2021-11-15
58.0,18.7,1158,2021-11-15 15:12:18.991,2021-11-15
57.4,18.8,918,2021-11-15 15:22:20.406,2021-11-15
59.6,18.7,728,2021-11-15 15:32:21.832,2021-11-15
60.4,18.7,369,2021-11-15 15:42:23.005,2021-11-15
61.0,18.7,347,2021-11-15 15:52:24.153,2021-11-15
60.1,18.8,222,2021-11-15 16:02:25.252,2021-11-15
57.7,18.4,46,2021-11-15 16:12:26.539,2021-11-15
57.7,18.1,0,2021-11-15 16:22:27.694,2021-11-15
57.4,18.1,0,2021-11-15 16:32:28.951,2021-11-15
56.6,18.0,0,2021-11-15 16:42:30.223,2021-11-15
56.9,17.9,0,2021-11-15 16:52:31.474,2021-11-15
54.9,17.7,0,2021-11-15 17:02:32.707,2021-11-15
56.6,17.7,0,2021-11-15 17:12:33.904,2021-11-15
56.5,17.7,0,2021-11-15 17:22:35.022,2021-11-15
55.7,17.7,0,2021-11-15 17:32:36.306,2021-11-15
55.6,17.7,0,2021-11-15 17:42:37.420,2021-11-15
55.3,17.7,0,2021-11-15 17:52:38.646,2021-11-15
55.2,17.6,0,2021-11-15 18:02:39.903,2021-11-15
55.0,17.6,0,2021-11-15 18:12:41.184,2021-11-15
55.1,17.5,0,2021-11-15 18:22:42.417,2021-11-15
55.0,17.6,0,2021-11-15 18:32:43.959,2021-11-15
54.8,17.5,0,2021-11-15 18:42:45.112,2021-11-15
64.4,18.0,0,2021-11-15 18:52:46.311,2021-11-15
64.3,18.4,0,2021-11-15 19:02:47.510,2021-11-15
63.9,18.6,0,2021-11-15 19:12:48.703,2021-11-15
63.6,18.6,0,2021-11-15 19:22:49.891,2021-11-15
63.7,18.7,0,2021-11-15 19:32:50.998,2021-11-15
63.6,18.7,0,2021-11-15 19:42:52.097,2021-11-15
63.6,18.7,0,2021-11-15 19:52:53.634,2021-11-15
63.6,18.7,0,2021-11-15 20:02:54.896,2021-11-15
64.0,18.7,0,2021-11-15 20:12:56.118,2021-11-15
63.7,18.8,0,2021-11-15 20:22:57.286,2021-11-15
67.3,18.8,0,2021-11-15 20:32:58.518,2021-11-15
74.2,19.0,0,2021-11-15 20:42:59.615,2021-11-15
73.0,19.0,0,2021-11-15 20:53:00.826,2021-11-15
71.4,18.9,0,2021-11-15 21:03:01.998,2021-11-15
70.4,19.0,0,2021-11-15 21:13:03.245,2021-11-15
70.4,18.9,0,2021-11-15 21:23:04.802,2021-11-15
69.8,18.9,0,2021-11-15 21:33:06.009,2021-11-15
69.3,18.9,0,2021-11-15 21:43:07.189,2021-11-15
69.0,18.9,0,2021-11-15 21:53:08.399,2021-11-15
68.6,18.9,0,2021-11-15 22:03:09.504,2021-11-15
68.2,18.9,0,2021-11-15 22:13:10.716,2021-11-15
67.7,18.9,0,2021-11-15 22:23:11.816,2021-11-15
67.4,18.9,0,2021-11-15 22:33:13.225,2021-11-15
67.3,18.9,0,2021-11-15 22:43:14.409,2021-11-15
67.1,18.9,0,2021-11-15 22:53:15.534,2021-11-15
67.3,18.9,0,2021-11-15 23:03:16.653,2021-11-15
66.9,18.9,0,2021-11-15 23:13:17.796,2021-11-15
66.8,18.9,0,2021-11-15 23:23:18.972,2021-11-15
66.8,18.9,0,2021-11-15 23:33:20.439,2021-11-15
66.8,18.9,0,2021-11-15 23:43:21.531,2021-11-15
66.9,19.0,0,2021-11-15 23:53:22.647,2021-11-15
66.8,18.9,0,2021-11-16 00:03:23.768,2021-11-16
66.8,19.0,0,2021-11-16 00:13:24.990,2021-11-16
66.9,19.0,1836,2021-11-16 00:23:26.209,2021-11-16
66.9,19.0,1624,2021-11-16 00:33:27.411,2021-11-16
66.5,19.0,0,2021-11-16 00:43:28.531,2021-11-16
66.4,19.2,0,2021-11-16 00:53:29.817,2021-11-16
66.9,19.1,0,2021-11-16 01:03:31.000,2021-11-16
67.4,19.1,0,2021-11-16 01:13:32.183,2021-11-16
67.5,19.0,0,2021-11-16 01:23:33.393,2021-11-16
68.0,19.0,0,2021-11-16 01:33:34.579,2021-11-16
67.7,19.1,0,2021-11-16 01:43:35.785,2021-11-16
68.0,19.0,0,2021-11-16 01:53:36.986,2021-11-16
67.9,18.9,0,2021-11-16 02:03:38.184,2021-11-16
67.9,18.8,0,2021-11-16 02:13:39.388,2021-11-16
68.0,18.8,0,2021-11-16 02:23:40.557,2021-11-16
68.1,18.7,0,2021-11-16 02:33:41.665,2021-11-16
68.0,18.7,0,2021-11-16 02:43:42.877,2021-11-16
68.2,18.7,0,2021-11-16 02:53:44.075,2021-11-16
68.1,18.7,0,2021-11-16 03:03:45.382,2021-11-16
68.0,18.7,0,2021-11-16 03:13:46.492,2021-11-16
68.1,18.7,0,2021-11-16 03:23:47.673,2021-11-16
68.3,18.7,0,2021-11-16 03:33:48.892,2021-11-16
68.6,18.7,0,2021-11-16 03:43:50.044,2021-11-16
68.7,18.7,0,2021-11-16 03:53:51.267,2021-11-16
68.9,18.7,0,2021-11-16 04:03:52.452,2021-11-16
68.9,18.7,0,2021-11-16 04:13:53.665,2021-11-16
68.9,18.6,0,2021-11-16 04:23:54.739,2021-11-16
68.9,18.7,0,2021-11-16 04:33:56.073,2021-11-16
69.0,18.7,0,2021-11-16 04:43:57.283,2021-11-16
69.2,18.6,0,2021-11-16 04:53:58.447,2021-11-16
69.2,18.6,0,2021-11-16 05:03:59.657,2021-11-16
69.3,18.6,0,2021-11-16 05:14:00.870,2021-11-16
69.1,18.6,0,2021-11-16 05:24:02.059,2021-11-16
69.1,18.6,0,2021-11-16 05:34:03.172,2021-11-16
69.0,18.6,0,2021-11-16 05:44:04.478,2021-11-16
69.0,18.6,0,2021-11-16 05:54:05.650,2021-11-16
68.6,19.0,0,2021-11-16 06:04:06.760,2021-11-16
67.6,19.9,0,2021-11-16 06:14:07.961,2021-11-16
65.8,20.8,0,2021-11-16 06:24:09.049,2021-11-16
64.8,21.2,0,2021-11-16 06:34:10.264,2021-11-16
64.2,21.2,0,2021-11-16 06:44:11.372,2021-11-16
64.0,21.2,0,2021-11-16 06:54:12.464,2021-11-16
63.8,21.1,0,2021-11-16 07:04:13.666,2021-11-16
63.9,21.0,0,2021-11-16 07:14:14.755,2021-11-16
64.3,20.8,0,2021-11-16 07:24:15.924,2021-11-16
64.7,20.8,0,2021-11-16 07:34:17.165,2021-11-16
65.0,20.6,0,2021-11-16 07:44:18.259,2021-11-16
65.3,20.5,0,2021-11-16 07:54:19.559,2021-11-16
65.8,20.4,0,2021-11-16 08:04:20.739,2021-11-16
63.2,20.4,504,2021-11-16 08:14:21.969,2021-11-16
62.2,20.3,2379,2021-11-16 08:24:23.130,2021-11-16
68.1,21.0,2523,2021-11-16 08:34:24.355,2021-11-16
71.0,20.4,2651,2021-11-16 08:44:25.557,2021-11-16
70.0,20.2,2765,2021-11-16 08:54:26.739,2021-11-16
68.9,20.1,2854,2021-11-16 09:04:27.975,2021-11-16
68.5,20.0,2934,2021-11-16 09:14:29.178,2021-11-16
67.9,20.0,3012,2021-11-16 09:24:30.276,2021-11-16
67.9,19.8,3064,2021-11-16 09:34:31.659,2021-11-16
67.3,19.8,3090,2021-11-16 09:44:32.763,2021-11-16
67.1,19.8,3088,2021-11-16 09:54:33.954,2021-11-16
67.0,19.7,3140,2021-11-16 10:04:35.618,2021-11-16
67.7,19.8,3127,2021-11-16 10:14:36.722,2021-11-16
67.8,19.8,3155,2021-11-16 10:24:37.813,2021-11-16
67.6,19.8,3406,2021-11-16 10:34:39.137,2021-11-16
67.7,19.8,3578,2021-11-16 10:44:40.241,2021-11-16
67.0,19.9,3489,2021-11-16 10:54:43.229,2021-11-16
66.2,19.9,3436,2021-11-16 11:04:44.383,2021-11-16
66.1,19.9,3431,2021-11-16 11:14:45.572,2021-11-16
67.4,19.2,3472,2021-11-16 11:24:46.761,2021-11-16
60.8,16.9,3478,2021-11-16 11:34:47.876,2021-11-16
61.6,16.9,3534,2021-11-16 11:44:49.159,2021-11-16
60.1,15.9,3789,2021-11-16 11:54:50.362,2021-11-16
65.6,17.3,3791,2021-11-16 12:04:51.580,2021-11-16
54.8,17.6,3689,2021-11-16 12:14:52.816,2021-11-16
55.0,17.0,3695,2021-11-16 12:24:53.990,2021-11-16
59.4,16.4,3631,2021-11-16 12:34:55.190,2021-11-16
59.2,18.1,3136,2021-11-16 12:44:56.378,2021-11-16
54.9,17.1,3337,2021-11-16 12:54:57.582,2021-11-16
59.8,16.9,3603,2021-11-16 13:04:58.787,2021-11-16
61.1,17.1,3233,2021-11-16 13:14:59.964,2021-11-16
65.9,16.8,3004,2021-11-16 13:25:01.157,2021-11-16
60.8,16.5,2754,2021-11-16 13:35:02.373,2021-11-16
60.4,16.6,2578,2021-11-16 13:45:03.556,2021-11-16
58.7,16.1,2364,2021-11-16 13:55:06.452,2021-11-16
63.9,16.5,2200,2021-11-16 14:05:07.711,2021-11-16
61.4,17.4,2745,2021-11-16 14:15:08.825,2021-11-16
59.3,16.2,3025,2021-11-16 14:25:09.976,2021-11-16
60.0,16.5,2662,2021-11-16 14:35:11.202,2021-11-16
60.6,16.1,2739,2021-11-16 14:45:12.434,2021-11-16
60.3,16.1,2689,2021-11-16 14:55:13.619,2021-11-16
61.3,16.4,1946,2021-11-16 15:05:14.784,2021-11-16
61.2,16.7,1476,2021-11-16 15:15:16.004,2021-11-16
60.3,16.1,1143,2021-11-16 15:25:17.189,2021-11-16
64.2,16.0,891,2021-11-16 15:35:18.415,2021-11-16
60.3,16.0,775,2021-11-16 15:45:19.574,2021-11-16
63.7,15.9,1330,2021-11-16 15:55:20.785,2021-11-16
62.1,15.9,560,2021-11-16 16:05:21.989,2021-11-16
62.7,16.1,48,2021-11-16 16:15:23.213,2021-11-16
60.0,16.4,0,2021-11-16 16:25:24.399,2021-11-16
63.3,15.8,0,2021-11-16 16:35:25.623,2021-11-16
62.9,15.9,0,2021-11-16 16:45:26.782,2021-11-16
64.1,16.0,0,2021-11-16 16:55:28.004,2021-11-16
62.4,15.8,0,2021-11-16 17:05:29.238,2021-11-16
63.2,15.7,0,2021-11-16 17:15:30.343,2021-11-16
63.5,15.8,0,2021-11-16 17:25:31.480,2021-11-16
63.7,15.8,0,2021-11-16 17:35:32.814,2021-11-16
64.8,15.5,0,2021-11-16 17:45:33.994,2021-11-16
64.3,15.8,0,2021-11-16 17:55:35.173,2021-11-16
61.7,16.1,0,2021-11-16 18:05:36.392,2021-11-16
64.0,15.7,0,2021-11-16 18:15:37.580,2021-11-16
65.5,15.4,0,2021-11-16 18:25:38.771,2021-11-16
65.6,15.7,0,2021-11-16 18:35:40.013,2021-11-16
65.2,15.2,0,2021-11-16 18:45:41.174,2021-11-16
65.9,15.5,0,2021-11-16 18:55:42.393,2021-11-16
65.3,15.5,0,2021-11-16 19:05:43.607,2021-11-16
66.8,15.2,0,2021-11-16 19:15:44.784,2021-11-16
64.1,15.8,52,2021-11-16 19:25:45.879,2021-11-16
65.6,15.2,40,2021-11-16 19:35:47.197,2021-11-16
65.5,15.8,33,2021-11-16 19:45:48.460,2021-11-16
67.7,15.4,33,2021-11-16 19:55:49.616,2021-11-16
66.6,15.6,32,2021-11-16 20:05:50.718,2021-11-16
67.3,15.9,30,2021-11-16 20:15:51.818,2021-11-16
67.2,16.1,33,2021-11-16 20:25:52.980,2021-11-16
65.1,16.0,33,2021-11-16 20:35:54.180,2021-11-16
66.8,16.4,35,2021-11-16 20:45:55.368,2021-11-16
69.4,15.7,36,2021-11-16 20:55:56.568,2021-11-16
72.2,15.4,35,2021-11-16 21:05:57.778,2021-11-16
74.1,14.6,37,2021-11-16 21:15:58.965,2021-11-16
72.3,14.5,36,2021-11-16 21:26:00.142,2021-11-16
73.6,14.8,34,2021-11-16 21:36:01.342,2021-11-16
71.5,14.9,34,2021-11-16 21:46:02.563,2021-11-16
72.1,14.9,44,2021-11-16 21:56:03.754,2021-11-16
74.0,14.1,47,2021-11-16 22:06:04.956,2021-11-16
76.5,13.6,41,2021-11-16 22:16:06.170,2021-11-16
76.8,13.8,42,2021-11-16 22:26:07.418,2021-11-16
76.1,14.6,1792,2021-11-16 22:36:08.536,2021-11-16
77.8,14.0,1804,2021-11-16 22:46:09.634,2021-11-16
68.3,16.8,0,2021-11-16 22:56:10.755,2021-11-16
64.8,17.8,0,2021-11-16 23:06:11.988,2021-11-16
64.9,17.9,0,2021-11-16 23:16:13.288,2021-11-16
65.3,17.8,0,2021-11-16 23:26:14.475,2021-11-16
65.6,17.9,0,2021-11-16 23:36:15.756,2021-11-16
65.6,17.9,0,2021-11-16 23:46:16.977,2021-11-16
65.7,17.9,0,2021-11-16 23:56:18.153,2021-11-16
65.7,17.8,0,2021-11-17 00:06:19.236,2021-11-17
66.0,17.8,0,2021-11-17 00:16:20.499,2021-11-17
66.2,17.8,0,2021-11-17 00:26:21.593,2021-11-17
66.1,17.8,0,2021-11-17 00:36:22.758,2021-11-17
66.2,17.8,0,2021-11-17 00:46:23.924,2021-11-17
66.4,17.8,0,2021-11-17 00:56:25.162,2021-11-17
66.6,17.8,0,2021-11-17 01:06:26.332,2021-11-17
66.5,17.8,0,2021-11-17 01:16:27.557,2021-11-17
66.7,17.8,0,2021-11-17 01:26:28.759,2021-11-17
66.9,17.8,0,2021-11-17 01:36:29.956,2021-11-17
67.3,17.8,0,2021-11-17 01:46:31.137,2021-11-17
68.1,17.8,0,2021-11-17 01:56:32.269,2021-11-17
67.6,17.9,0,2021-11-17 02:06:33.440,2021-11-17
67.4,18.0,0,2021-11-17 02:16:34.628,2021-11-17
67.3,18.0,0,2021-11-17 02:26:35.853,2021-11-17
67.3,18.0,0,2021-11-17 02:36:36.979,2021-11-17
67.3,18.0,0,2021-11-17 02:46:38.341,2021-11-17
67.7,17.9,0,2021-11-17 02:56:39.532,2021-11-17
67.9,17.9,0,2021-11-17 03:06:40.728,2021-11-17
68.0,17.9,0,2021-11-17 03:16:41.958,2021-11-17
68.1,17.9,0,2021-11-17 03:26:43.052,2021-11-17
68.0,17.9,0,2021-11-17 03:36:44.300,2021-11-17
67.9,17.8,0,2021-11-17 03:46:45.449,2021-11-17
68.1,17.8,0,2021-11-17 03:56:46.894,2021-11-17
68.5,17.9,0,2021-11-17 04:06:48.190,2021-11-17
68.4,18.0,0,2021-11-17 04:16:49.360,2021-11-17
68.5,18.0,0,2021-11-17 04:26:50.531,2021-11-17
68.4,18.0,0,2021-11-17 04:36:54.060,2021-11-17
68.4,18.0,0,2021-11-17 04:46:55.161,2021-11-17
68.5,18.0,0,2021-11-17 04:56:56.388,2021-11-17
68.5,17.9,0,2021-11-17 05:06:57.488,2021-11-17
69.0,17.9,0,2021-11-17 05:16:58.686,2021-11-17
69.2,17.8,0,2021-11-17 05:26:59.778,2021-11-17
69.4,17.8,0,2021-11-17 05:37:01.216,2021-11-17
69.4,17.8,0,2021-11-17 05:47:02.392,2021-11-17
69.6,17.9,0,2021-11-17 05:57:03.558,2021-11-17
68.8,18.5,0,2021-11-17 06:07:04.763,2021-11-17
67.6,19.5,0,2021-11-17 06:17:05.843,2021-11-17
65.2,20.5,0,2021-11-17 06:27:07.075,2021-11-17
64.0,21.1,0,2021-11-17 06:37:08.223,2021-11-17
63.1,21.5,0,2021-11-17 06:47:09.370,2021-11-17
62.8,21.6,0,2021-11-17 06:57:10.552,2021-11-17
62.8,21.5,0,2021-11-17 07:07:11.807,2021-11-17
62.9,21.4,0,2021-11-17 07:17:12.990,2021-11-17
63.2,21.3,0,2021-11-17 07:27:14.180,2021-11-17
63.8,21.1,813,2021-11-17 07:37:15.364,2021-11-17
64.0,20.9,1554,2021-11-17 07:47:18.633,2021-11-17
67.9,20.7,1989,2021-11-17 07:57:19.723,2021-11-17
67.2,20.4,2311,2021-11-17 08:07:20.923,2021-11-17
62.3,19.9,2394,2021-11-17 08:17:22.108,2021-11-17
62.8,19.9,2457,2021-11-17 08:27:23.459,2021-11-17
62.2,19.9,2617,2021-11-17 08:37:24.804,2021-11-17
62.3,19.9,2783,2021-11-17 08:47:25.999,2021-11-17
62.7,19.8,2921,2021-11-17 08:57:27.200,2021-11-17
63.0,19.7,3064,2021-11-17 09:07:30.200,2021-11-17
63.1,19.7,3375,2021-11-17 09:17:31.303,2021-11-17
63.5,19.7,3162,2021-11-17 09:27:32.658,2021-11-17
64.0,19.7,2966,2021-11-17 09:37:33.865,2021-11-17
64.0,19.7,2954,2021-11-17 09:47:34.962,2021-11-17
64.1,19.6,3223,2021-11-17 09:57:36.170,2021-11-17
63.7,19.7,3228,2021-11-17 10:07:37.774,2021-11-17
63.7,19.7,3237,2021-11-17 10:17:38.971,2021-11-17
64.5,19.7,3240,2021-11-17 10:27:40.080,2021-11-17
63.8,19.6,3243,2021-11-17 10:37:43.107,2021-11-17
63.4,19.5,3240,2021-11-17 10:47:44.402,2021-11-17
63.7,19.5,3245,2021-11-17 10:57:45.585,2021-11-17
63.5,19.6,3301,2021-11-17 11:07:46.770,2021-11-17
63.8,19.6,3391,2021-11-17 11:17:47.889,2021-11-17
63.6,19.6,3477,2021-11-17 11:27:49.156,2021-11-17
63.1,19.5,3547,2021-11-17 11:37:50.280,2021-11-17
63.4,19.5,3635,2021-11-17 11:47:51.488,2021-11-17
62.9,19.5,3640,2021-11-17 11:57:52.711,2021-11-17
62.1,19.4,3716,2021-11-17 12:07:53.974,2021-11-17
61.9,19.4,3844,2021-11-17 12:17:55.170,2021-11-17
61.4,19.4,3978,2021-11-17 12:27:56.397,2021-11-17
66.7,19.6,4113,2021-11-17 12:37:57.585,2021-11-17
66.8,19.8,4162,2021-11-17 12:47:58.877,2021-11-17
66.0,19.9,4229,2021-11-17 12:58:00.082,2021-11-17
65.4,20.0,4371,2021-11-17 13:08:01.198,2021-11-17
58.8,22.4,4406,2021-11-17 13:18:02.395,2021-11-17
58.6,22.3,4473,2021-11-17 13:28:03.580,2021-11-17
54.7,23.8,4504,2021-11-17 13:38:04.828,2021-11-17
52.9,24.4,4504,2021-11-17 13:48:05.936,2021-11-17
49.8,25.0,4504,2021-11-17 13:58:07.184,2021-11-17
50.3,24.6,4504,2021-11-17 14:08:08.385,2021-11-17
51.0,24.0,4504,2021-11-17 14:18:09.603,2021-11-17
50.8,24.0,4495,2021-11-17 14:28:10.782,2021-11-17
54.6,22.3,4444,2021-11-17 14:38:11.980,2021-11-17
55.8,21.8,4113,2021-11-17 14:48:13.167,2021-11-17
58.1,20.8,3817,2021-11-17 14:58:14.385,2021-11-17
59.8,20.3,3741,2021-11-17 15:08:15.583,2021-11-17
60.7,20.0,3636,2021-11-17 15:18:16.773,2021-11-17
61.2,19.8,3393,2021-11-17 15:28:17.974,2021-11-17
61.5,19.6,3045,2021-11-17 15:38:19.190,2021-11-17
61.9,19.4,2728,2021-11-17 15:48:20.465,2021-11-17
62.5,19.3,1769,2021-11-17 15:58:21.549,2021-11-17
63.2,19.1,1066,2021-11-17 16:08:22.646,2021-11-17
63.8,19.1,532,2021-11-17 16:18:23.776,2021-11-17
63.9,19.0,94,2021-11-17 16:28:24.985,2021-11-17
64.2,19.0,0,2021-11-17 16:38:26.199,2021-11-17
64.3,18.9,0,2021-11-17 16:48:27.376,2021-11-17
64.6,18.9,0,2021-11-17 16:58:28.661,2021-11-17
64.7,18.9,0,2021-11-17 17:08:29.861,2021-11-17
64.7,18.9,0,2021-11-17 17:18:31.074,2021-11-17
65.0,18.8,0,2021-11-17 17:28:32.196,2021-11-17
65.1,18.8,0,2021-11-17 17:38:33.472,2021-11-17
65.1,18.8,0,2021-11-17 17:48:34.563,2021-11-17
65.3,18.8,0,2021-11-17 17:58:35.744,2021-11-17
65.3,18.8,0,2021-11-17 18:08:36.954,2021-11-17
65.3,18.8,1641,2021-11-17 18:18:38.229,2021-11-17
65.3,18.8,1606,2021-11-17 18:28:39.572,2021-11-17
67.9,18.9,1571,2021-11-17 18:38:40.881,2021-11-17
66.9,19.2,1583,2021-11-17 18:48:42.050,2021-11-17
67.5,19.1,1565,2021-11-17 18:58:43.243,2021-11-17
68.1,19.1,1590,2021-11-17 19:08:44.384,2021-11-17
68.2,19.1,1595,2021-11-17 19:18:45.659,2021-11-17
67.1,19.0,1588,2021-11-17 19:28:46.859,2021-11-17
67.1,18.9,1575,2021-11-17 19:38:48.099,2021-11-17
68.2,18.9,1573,2021-11-17 19:48:49.231,2021-11-17
68.6,18.9,1576,2021-11-17 19:58:50.440,2021-11-17
69.0,18.9,1571,2021-11-17 20:08:51.654,2021-11-17
69.5,18.9,1573,2021-11-17 20:18:52.860,2021-11-17
69.2,18.9,1580,2021-11-17 20:28:54.041,2021-11-17
68.7,18.8,1584,2021-11-17 20:38:55.251,2021-11-17
68.9,18.8,1588,2021-11-17 20:48:56.447,2021-11-17
69.7,18.8,1585,2021-11-17 20:58:57.688,2021-11-17
69.5,18.8,1585,2021-11-17 21:08:58.851,2021-11-17
69.4,18.8,1587,2021-11-17 21:19:00.061,2021-11-17
69.2,18.8,1588,2021-11-17 21:29:01.284,2021-11-17
69.0,18.8,1585,2021-11-17 21:39:02.602,2021-11-17
68.9,18.8,1588,2021-11-17 21:49:04.046,2021-11-17
68.5,18.8,1592,2021-11-17 21:59:05.224,2021-11-17
68.6,18.8,1584,2021-11-17 22:09:06.462,2021-11-17
68.5,18.8,1601,2021-11-17 22:19:07.682,2021-11-17
68.5,18.8,1594,2021-11-17 22:29:08.852,2021-11-17
68.3,18.8,1599,2021-11-17 22:39:10.056,2021-11-17
68.0,18.8,1596,2021-11-17 22:49:11.240,2021-11-17
68.1,18.8,1597,2021-11-17 22:59:12.624,2021-11-17
68.0,18.8,1597,2021-11-17 23:09:13.848,2021-11-17
68.1,18.8,1592,2021-11-17 23:19:15.055,2021-11-17
68.1,18.8,1598,2021-11-17 23:29:16.254,2021-11-17
68.0,18.8,1597,2021-11-17 23:39:17.491,2021-11-17
67.7,18.8,1596,2021-11-17 23:49:18.921,2021-11-17
67.5,18.8,1589,2021-11-17 23:59:20.160,2021-11-17
67.3,18.8,1587,2021-11-18 00:09:21.365,2021-11-18
67.6,18.8,1599,2021-11-18 00:19:22.483,2021-11-18
67.1,18.8,1597,2021-11-18 00:29:23.665,2021-11-18
67.0,18.8,1597,2021-11-18 00:39:24.875,2021-11-18
67.4,18.9,1604,2021-11-18 00:49:26.039,2021-11-18
67.1,19.0,1603,2021-11-18 00:59:27.243,2021-11-18
67.0,19.0,730,2021-11-18 01:09:28.453,2021-11-18
67.0,18.9,0,2021-11-18 01:19:29.656,2021-11-18
67.3,19.1,0,2021-11-18 01:29:30.956,2021-11-18
67.8,19.0,0,2021-11-18 01:39:32.426,2021-11-18
68.2,18.9,0,2021-11-18 01:49:33.768,2021-11-18
68.4,18.8,0,2021-11-18 01:59:34.956,2021-11-18
68.6,18.7,0,2021-11-18 02:09:36.138,2021-11-18
68.8,18.6,0,2021-11-18 02:19:37.352,2021-11-18
69.5,18.6,0,2021-11-18 02:29:38.561,2021-11-18
69.6,18.6,0,2021-11-18 02:39:39.772,2021-11-18
69.8,18.5,0,2021-11-18 02:49:40.924,2021-11-18
69.7,18.5,0,2021-11-18 02:59:42.122,2021-11-18
69.9,18.5,0,2021-11-18 03:09:43.286,2021-11-18
70.0,18.5,0,2021-11-18 03:19:44.459,2021-11-18
70.3,18.4,0,2021-11-18 03:29:45.709,2021-11-18
71.0,18.4,0,2021-11-18 03:39:46.856,2021-11-18
71.2,18.3,0,2021-11-18 03:49:48.027,2021-11-18
71.6,18.4,0,2021-11-18 03:59:49.250,2021-11-18
42.3,20.0,2394,2021-11-28 17:03:02.455,2021-11-28
0.0,0.0,1555,2021-11-28 17:14:50.630,2021-11-28
0.0,0.0,1555,2021-11-28 17:24:51.843,2021-11-28
0.0,0.0,1556,2021-11-28 17:34:53.040,2021-11-28
0.0,0.0,1565,2021-11-28 17:44:54.271,2021-11-28
0.0,0.0,1552,2021-11-28 17:54:55.450,2021-11-28
0.0,0.0,1557,2021-11-28 18:04:56.664,2021-11-28
0.0,0.0,1610,2021-11-28 18:14:57.967,2021-11-28
0.0,0.0,1605,2021-11-28 18:24:59.271,2021-11-28
0.0,0.0,1603,2021-11-28 18:35:00.468,2021-11-28
0.0,0.0,1607,2021-11-28 18:45:01.788,2021-11-28
0.0,0.0,1612,2021-11-28 18:55:03.358,2021-11-28
0.0,0.0,1626,2021-11-28 19:05:04.584,2021-11-28
0.0,0.0,1617,2021-11-28 19:15:05.902,2021-11-28
0.0,0.0,1602,2021-11-28 19:25:07.110,2021-11-28
0.0,0.0,1610,2021-11-28 19:35:08.237,2021-11-28
0.0,0.0,1602,2021-11-28 19:45:09.477,2021-11-28
0.0,0.0,1600,2021-11-28 19:55:11.038,2021-11-28
0.0,0.0,1610,2021-11-28 20:05:12.331,2021-11-28
0.0,0.0,1622,2021-11-28 20:15:13.687,2021-11-28
0.0,0.0,1636,2021-11-28 20:25:14.891,2021-11-28
0.0,0.0,1646,2021-11-28 20:35:16.068,2021-11-28
0.0,0.0,1633,2021-11-28 20:45:17.282,2021-11-28
0.0,0.0,1631,2021-11-28 20:55:18.583,2021-11-28
0.0,0.0,1637,2021-11-28 21:05:19.724,2021-11-28
0.0,0.0,1578,2021-11-28 21:15:20.980,2021-11-28
0.0,0.0,1546,2021-11-28 21:25:22.224,2021-11-28
0.0,0.0,1530,2021-11-28 21:35:23.473,2021-11-28
0.0,0.0,1537,2021-11-28 21:45:24.792,2021-11-28
0.0,0.0,1545,2021-11-28 21:55:26.015,2021-11-28
0.0,0.0,1535,2021-11-28 22:05:27.303,2021-11-28
0.0,0.0,1637,2021-11-28 22:15:28.519,2021-11-28
0.0,0.0,1692,2021-11-28 22:25:29.645,2021-11-28
0.0,0.0,1697,2021-11-28 22:35:30.762,2021-11-28
0.0,0.0,1678,2021-11-28 22:45:32.063,2021-11-28
0.0,0.0,1702,2021-11-28 22:55:33.286,2021-11-28
0.0,0.0,1702,2021-11-28 23:05:34.474,2021-11-28
0.0,0.0,1701,2021-11-28 23:25:41.615,2021-11-28
0.0,0.0,1686,2021-11-28 23:35:42.734,2021-11-28
0.0,0.0,0,2021-11-28 23:45:43.973,2021-11-28
0.0,0.0,0,2021-11-28 23:55:45.181,2021-11-28
0.0,0.0,0,2021-11-29 00:05:46.386,2021-11-29
0.0,0.0,0,2021-11-29 00:15:47.480,2021-11-29
0.0,0.0,0,2021-11-29 00:25:48.694,2021-11-29
0.0,0.0,0,2021-11-29 00:35:50.247,2021-11-29
0.0,0.0,0,2021-11-29 00:45:51.605,2021-11-29
0.0,0.0,0,2021-11-29 00:55:52.793,2021-11-29
0.0,0.0,0,2021-11-29 01:05:54.041,2021-11-29
0.0,0.0,0,2021-11-29 01:15:55.298,2021-11-29
0.0,0.0,0,2021-11-29 01:25:56.411,2021-11-29
0.0,0.0,0,2021-11-29 01:35:57.557,2021-11-29
0.0,0.0,0,2021-11-29 01:45:58.676,2021-11-29
0.0,0.0,0,2021-11-29 01:55:59.987,2021-11-29
0.0,0.0,0,2021-11-29 02:06:01.315,2021-11-29
0.0,0.0,0,2021-11-29 02:16:02.487,2021-11-29
0.0,0.0,0,2021-11-29 02:26:03.597,2021-11-29
0.0,0.0,0,2021-11-29 02:36:04.799,2021-11-29
0.0,0.0,0,2021-11-29 02:46:05.988,2021-11-29
0.0,0.0,0,2021-11-29 02:56:07.273,2021-11-29
0.0,0.0,0,2021-11-29 03:06:08.697,2021-11-29
0.0,0.0,0,2021-11-29 03:16:09.882,2021-11-29
0.0,0.0,0,2021-11-29 03:26:11.105,2021-11-29
0.0,0.0,0,2021-11-29 03:36:12.235,2021-11-29
0.0,0.0,0,2021-11-29 03:46:13.470,2021-11-29
0.0,0.0,0,2021-11-29 03:56:14.661,2021-11-29
0.0,0.0,0,2021-11-29 04:06:15.791,2021-11-29
0.0,0.0,0,2021-11-29 04:16:16.967,2021-11-29
0.0,0.0,0,2021-11-29 04:26:18.185,2021-11-29
0.0,0.0,0,2021-11-29 04:36:19.629,2021-11-29
0.0,0.0,0,2021-11-29 04:46:20.863,2021-11-29
0.0,0.0,0,2021-11-29 04:56:22.186,2021-11-29
0.0,0.0,0,2021-11-29 05:06:23.310,2021-11-29
0.0,0.0,0,2021-11-29 05:16:24.569,2021-11-29
0.0,0.0,0,2021-11-29 05:26:25.683,2021-11-29
0.0,0.0,0,2021-11-29 05:36:26.868,2021-11-29
0.0,0.0,0,2021-11-29 05:46:28.064,2021-11-29
0.0,0.0,0,2021-11-29 05:56:29.238,2021-11-29
0.0,0.0,0,2021-11-29 06:06:30.492,2021-11-29
0.0,0.0,0,2021-11-29 06:16:31.760,2021-11-29
0.0,0.0,0,2021-11-29 06:26:33.029,2021-11-29
0.0,0.0,0,2021-11-29 06:36:34.279,2021-11-29
0.0,0.0,0,2021-11-29 06:46:35.460,2021-11-29
0.0,0.0,0,2021-11-29 06:56:36.665,2021-11-29
0.0,0.0,0,2021-11-29 07:06:37.872,2021-11-29
0.0,0.0,0,2021-11-29 07:16:39.071,2021-11-29
0.0,0.0,0,2021-11-29 07:26:40.284,2021-11-29
0.0,0.0,0,2021-11-29 07:36:41.464,2021-11-29
0.0,0.0,0,2021-11-29 07:46:45.014,2021-11-29
0.0,0.0,1032,2021-11-29 07:56:46.234,2021-11-29
0.0,0.0,2346,2021-11-29 08:06:47.462,2021-11-29
0.0,0.0,2098,2021-11-29 08:16:48.734,2021-11-29
0.0,0.0,2354,2021-11-29 08:26:49.904,2021-11-29
0.0,0.0,2504,2021-11-29 08:36:51.009,2021-11-29
0.0,0.0,2728,2021-11-29 08:46:52.222,2021-11-29
0.0,0.0,3017,2021-11-29 08:56:53.425,2021-11-29
0.0,0.0,3097,2021-11-29 09:07:01.728,2021-11-29
0.0,0.0,3163,2021-11-29 09:17:02.859,2021-11-29
0.0,0.0,3288,2021-11-29 09:27:04.116,2021-11-29
0.0,0.0,3213,2021-11-29 09:37:05.400,2021-11-29
0.0,0.0,3273,2021-11-29 09:47:06.527,2021-11-29
0.0,0.0,3305,2021-11-29 09:57:07.809,2021-11-29
0.0,0.0,3285,2021-11-29 10:07:09.102,2021-11-29
0.0,0.0,3291,2021-11-29 10:17:10.273,2021-11-29
0.0,0.0,3347,2021-11-29 10:27:11.460,2021-11-29
0.0,0.0,3325,2021-11-29 10:37:12.663,2021-11-29
0.0,0.0,3399,2021-11-29 10:47:13.892,2021-11-29
0.0,0.0,3442,2021-11-29 10:57:15.082,2021-11-29
0.0,0.0,3549,2021-11-29 11:07:16.278,2021-11-29
0.0,0.0,3607,2021-11-29 11:17:17.536,2021-11-29
0.0,0.0,3676,2021-11-29 11:27:18.701,2021-11-29
0.0,0.0,3588,2021-11-29 11:37:20.161,2021-11-29
0.0,0.0,3648,2021-11-29 11:47:21.289,2021-11-29
0.0,0.0,3752,2021-11-29 11:57:22.474,2021-11-29
0.0,0.0,3797,2021-11-29 12:07:23.596,2021-11-29
0.0,0.0,3819,2021-11-29 12:17:24.779,2021-11-29
0.0,0.0,3636,2021-11-29 12:27:25.864,2021-11-29
0.0,0.0,3620,2021-11-29 12:37:27.081,2021-11-29
0.0,0.0,3615,2021-11-29 12:47:28.340,2021-11-29
0.0,0.0,3518,2021-11-29 12:57:29.572,2021-11-29
0.0,0.0,4325,2021-11-29 13:07:30.881,2021-11-29
0.0,0.0,4185,2021-11-29 13:17:32.049,2021-11-29
0.0,0.0,4260,2021-11-29 13:27:33.268,2021-11-29
0.0,0.0,4187,2021-11-29 13:37:34.469,2021-11-29
0.0,0.0,3409,2021-11-29 13:47:37.294,2021-11-29
0.0,0.0,3277,2021-11-29 13:57:38.740,2021-11-29
0.0,0.0,3384,2021-11-29 14:07:39.946,2021-11-29
0.0,0.0,3622,2021-11-29 14:17:41.193,2021-11-29
0.0,0.0,3392,2021-11-29 14:27:42.405,2021-11-29
0.0,0.0,3329,2021-11-29 14:37:43.617,2021-11-29
0.0,0.0,3290,2021-11-29 14:47:44.805,2021-11-29
0.0,0.0,2985,2021-11-29 14:57:45.933,2021-11-29
0.0,0.0,3283,2021-11-29 15:07:47.154,2021-11-29
0.0,0.0,3042,2021-11-29 15:17:48.425,2021-11-29
0.0,0.0,2636,2021-11-29 15:27:49.601,2021-11-29
0.0,0.0,2189,2021-11-29 15:37:50.737,2021-11-29
0.0,0.0,2125,2021-11-29 15:47:52.018,2021-11-29
0.0,0.0,1966,2021-11-29 15:57:53.309,2021-11-29
0.0,0.0,1835,2021-11-29 16:07:54.533,2021-11-29
0.0,0.0,1738,2021-11-29 16:17:55.670,2021-11-29
0.0,0.0,1691,2021-11-29 16:27:56.885,2021-11-29
0.0,0.0,1666,2021-11-29 16:37:58.116,2021-11-29
0.0,0.0,0,2021-11-29 16:47:59.579,2021-11-29
0.0,0.0,0,2021-11-29 16:58:00.712,2021-11-29
0.0,0.0,0,2021-11-29 17:08:01.915,2021-11-29
0.0,0.0,0,2021-11-29 17:18:03.125,2021-11-29
0.0,0.0,0,2021-11-29 17:28:04.228,2021-11-29
0.0,0.0,0,2021-11-29 17:38:05.430,2021-11-29
0.0,0.0,5,2021-11-29 17:48:06.604,2021-11-29
0.0,0.0,12,2021-11-29 17:58:07.795,2021-11-29
0.0,0.0,5,2021-11-29 18:08:09.021,2021-11-29
0.0,0.0,1,2021-11-29 18:18:10.217,2021-11-29
0.0,0.0,1,2021-11-29 18:28:11.412,2021-11-29
0.0,0.0,3,2021-11-29 18:38:12.621,2021-11-29
0.0,0.0,1,2021-11-29 18:48:13.919,2021-11-29
0.0,0.0,3,2021-11-29 18:58:15.120,2021-11-29
0.0,0.0,3,2021-11-29 19:08:16.359,2021-11-29
0.0,0.0,2,2021-11-29 19:18:17.607,2021-11-29
0.0,0.0,3,2021-11-29 19:28:18.792,2021-11-29
0.0,0.0,3,2021-11-29 19:38:19.997,2021-11-29
0.0,0.0,4,2021-11-29 19:48:22.685,2021-11-29
0.0,0.0,4,2021-11-29 19:58:23.832,2021-11-29
0.0,0.0,6,2021-11-29 20:08:24.974,2021-11-29
0.0,0.0,5,2021-11-29 20:18:26.140,2021-11-29
0.0,0.0,433,2021-11-29 20:28:27.381,2021-11-29
0.0,0.0,0,2021-11-29 20:38:28.922,2021-11-29
0.0,0.0,0,2021-11-29 20:48:30.168,2021-11-29
0.0,0.0,0,2021-11-29 20:58:31.533,2021-11-29
0.0,0.0,0,2021-11-29 21:08:32.745,2021-11-29
0.0,0.0,0,2021-11-29 21:18:33.953,2021-11-29
0.0,0.0,0,2021-11-29 21:28:35.139,2021-11-29
0.0,0.0,0,2021-11-29 21:38:36.317,2021-11-29
0.0,0.0,1341,2021-11-29 21:48:37.554,2021-11-29
0.0,0.0,1575,2021-11-29 21:58:38.804,2021-11-29
0.0,0.0,1572,2021-11-29 22:08:40.089,2021-11-29
0.0,0.0,0,2021-11-29 22:18:41.343,2021-11-29
0.0,0.0,0,2021-11-29 22:28:42.957,2021-11-29
0.0,0.0,0,2021-11-29 22:38:44.220,2021-11-29
0.0,0.0,0,2021-11-29 22:48:45.468,2021-11-29
0.0,0.0,0,2021-11-29 22:58:46.704,2021-11-29
0.0,0.0,0,2021-11-29 23:08:47.907,2021-11-29
0.0,0.0,0,2021-11-29 23:18:50.213,2021-11-29
0.0,0.0,0,2021-11-29 23:28:51.486,2021-11-29
0.0,0.0,0,2021-11-29 23:38:52.663,2021-11-29
0.0,0.0,0,2021-11-29 23:48:53.919,2021-11-29
0.0,0.0,0,2021-11-29 23:58:55.029,2021-11-29
0.0,0.0,0,2021-11-30 00:08:57.847,2021-11-30
0.0,0.0,0,2021-11-30 00:18:58.977,2021-11-30
0.0,0.0,0,2021-11-30 00:29:00.227,2021-11-30
0.0,0.0,0,2021-11-30 00:39:01.523,2021-11-30
0.0,0.0,0,2021-11-30 00:49:02.708,2021-11-30
0.0,0.0,0,2021-11-30 00:59:03.835,2021-11-30
0.0,0.0,0,2021-11-30 01:09:05.021,2021-11-30
0.0,0.0,0,2021-11-30 01:19:06.601,2021-11-30
0.0,0.0,0,2021-11-30 01:29:07.834,2021-11-30
0.0,0.0,0,2021-11-30 01:39:09.021,2021-11-30
0.0,0.0,0,2021-11-30 01:59:16.245,2021-11-30
0.0,0.0,0,2021-11-30 02:09:17.370,2021-11-30
0.0,0.0,0,2021-11-30 02:19:18.623,2021-11-30
0.0,0.0,0,2021-11-30 02:29:19.927,2021-11-30
0.0,0.0,0,2021-11-30 02:39:21.117,2021-11-30
0.0,0.0,0,2021-11-30 02:49:22.293,2021-11-30
0.0,0.0,0,2021-11-30 02:59:23.503,2021-11-30
0.0,0.0,0,2021-11-30 03:09:24.839,2021-11-30
0.0,0.0,0,2021-11-30 03:19:26.021,2021-11-30
0.0,0.0,0,2021-11-30 03:29:27.323,2021-11-30
0.0,0.0,0,2021-11-30 03:39:28.429,2021-11-30
0.0,0.0,0,2021-11-30 03:49:29.555,2021-11-30
0.0,0.0,0,2021-11-30 03:59:30.647,2021-11-30
0.0,0.0,0,2021-11-30 04:09:31.762,2021-11-30
0.0,0.0,0,2021-11-30 04:19:33.010,2021-11-30
0.0,0.0,0,2021-11-30 04:29:34.187,2021-11-30
0.0,0.0,0,2021-11-30 04:39:35.399,2021-11-30
0.0,0.0,0,2021-11-30 04:49:36.601,2021-11-30
0.0,0.0,0,2021-11-30 04:59:37.814,2021-11-30
0.0,0.0,0,2021-11-30 05:09:39.015,2021-11-30
0.0,0.0,0,2021-11-30 05:19:40.220,2021-11-30
0.0,0.0,0,2021-11-30 05:29:41.429,2021-11-30
0.0,0.0,0,2021-11-30 05:39:42.617,2021-11-30
0.0,0.0,0,2021-11-30 05:49:43.881,2021-11-30
0.0,0.0,0,2021-11-30 05:59:45.121,2021-11-30
0.0,0.0,0,2021-11-30 06:09:46.421,2021-11-30
0.0,0.0,0,2021-11-30 06:19:47.536,2021-11-30
0.0,0.0,0,2021-11-30 06:29:48.671,2021-11-30
0.0,0.0,0,2021-11-30 06:39:49.800,2021-11-30
0.0,0.0,0,2021-11-30 06:49:51.005,2021-11-30
0.0,0.0,0,2021-11-30 06:59:52.106,2021-11-30
0.0,0.0,0,2021-11-30 07:09:53.222,2021-11-30
0.0,0.0,0,2021-11-30 07:19:54.491,2021-11-30
0.0,0.0,0,2021-11-30 07:29:55.697,2021-11-30
0.0,0.0,0,2021-11-30 07:39:56.994,2021-11-30
0.0,0.0,0,2021-11-30 07:49:58.122,2021-11-30
0.0,0.0,1185,2021-11-30 07:59:59.519,2021-11-30
0.0,0.0,1703,2021-11-30 08:10:00.651,2021-11-30
0.0,0.0,1724,2021-11-30 08:20:01.930,2021-11-30
0.0,0.0,2299,2021-11-30 08:30:03.045,2021-11-30
0.0,0.0,1608,2021-11-30 08:40:04.296,2021-11-30
0.0,0.0,1582,2021-11-30 08:50:05.412,2021-11-30
0.0,0.0,1850,2021-11-30 09:00:06.691,2021-11-30
0.0,0.0,2135,2021-11-30 09:10:08.024,2021-11-30
0.0,0.0,2337,2021-11-30 09:20:09.806,2021-11-30
0.0,0.0,2268,2021-11-30 09:30:11.005,2021-11-30
0.0,0.0,2505,2021-11-30 09:40:12.194,2021-11-30
0.0,0.0,2194,2021-11-30 09:50:13.517,2021-11-30
0.0,0.0,2537,2021-11-30 10:00:14.863,2021-11-30
0.0,0.0,2738,2021-11-30 10:10:16.131,2021-11-30
0.0,0.0,2787,2021-11-30 10:20:17.312,2021-11-30
0.0,0.0,2881,2021-11-30 10:30:18.504,2021-11-30
0.0,0.0,2905,2021-11-30 10:40:19.625,2021-11-30
0.0,0.0,2760,2021-11-30 10:50:20.794,2021-11-30
0.0,0.0,2896,2021-11-30 11:00:22.006,2021-11-30
0.0,0.0,3071,2021-11-30 11:10:23.122,2021-11-30
0.0,0.0,3043,2021-11-30 11:20:24.240,2021-11-30
0.0,0.0,3137,2021-11-30 11:30:26.889,2021-11-30
0.0,0.0,3109,2021-11-30 11:40:28.115,2021-11-30
0.0,0.0,3159,2021-11-30 11:50:29.319,2021-11-30
0.0,0.0,3664,2021-11-30 12:00:30.529,2021-11-30
0.0,0.0,3324,2021-11-30 12:10:31.740,2021-11-30
0.0,0.0,2979,2021-11-30 12:20:33.034,2021-11-30
0.0,0.0,2806,2021-11-30 12:30:34.206,2021-11-30
0.0,0.0,3082,2021-11-30 12:40:35.430,2021-11-30
0.0,0.0,3106,2021-11-30 12:50:36.645,2021-11-30
0.0,0.0,2665,2021-11-30 13:00:37.852,2021-11-30
0.0,0.0,2798,2021-11-30 13:10:39.007,2021-11-30
0.0,0.0,2916,2021-11-30 13:20:40.227,2021-11-30
0.0,0.0,2074,2021-11-30 13:30:41.420,2021-11-30
0.0,0.0,1813,2021-11-30 13:40:42.729,2021-11-30
0.0,0.0,1938,2021-11-30 13:50:43.937,2021-11-30
0.0,0.0,2119,2021-11-30 14:00:45.099,2021-11-30
0.0,0.0,2039,2021-11-30 14:10:46.242,2021-11-30
0.0,0.0,1947,2021-11-30 14:20:47.514,2021-11-30
0.0,0.0,1872,2021-11-30 14:30:48.626,2021-11-30
0.0,0.0,1856,2021-11-30 14:40:49.729,2021-11-30
0.0,0.0,1849,2021-11-30 14:50:50.900,2021-11-30
0.0,0.0,1250,2021-11-30 15:00:52.121,2021-11-30
0.0,0.0,732,2021-11-30 15:10:53.296,2021-11-30
0.0,0.0,755,2021-11-30 15:20:54.537,2021-11-30
0.0,0.0,711,2021-11-30 15:30:55.703,2021-11-30
0.0,0.0,459,2021-11-30 15:40:56.920,2021-11-30
0.0,0.0,273,2021-11-30 15:50:58.112,2021-11-30
0.0,0.0,127,2021-11-30 16:00:59.299,2021-11-30
0.0,0.0,0,2021-11-30 16:11:00.600,2021-11-30
0.0,0.0,0,2021-11-30 16:21:02.175,2021-11-30
0.0,0.0,0,2021-11-30 16:31:04.758,2021-11-30
0.0,0.0,0,2021-11-30 16:41:05.893,2021-11-30
0.0,0.0,0,2021-11-30 16:51:07.175,2021-11-30
0.0,0.0,0,2021-11-30 17:01:08.302,2021-11-30
0.0,0.0,0,2021-11-30 17:11:09.563,2021-11-30
0.0,0.0,0,2021-11-30 17:21:10.753,2021-11-30
0.0,0.0,0,2021-11-30 17:31:11.945,2021-11-30
0.0,0.0,0,2021-11-30 17:41:13.209,2021-11-30
0.0,0.0,0,2021-11-30 17:51:14.453,2021-11-30
0.0,0.0,0,2021-11-30 18:01:15.643,2021-11-30
0.0,0.0,18,2021-11-30 18:11:16.865,2021-11-30
0.0,0.0,17,2021-11-30 18:21:17.998,2021-11-30
0.0,0.0,8,2021-11-30 18:31:19.132,2021-11-30
0.0,0.0,8,2021-11-30 18:41:20.362,2021-11-30
0.0,0.0,6,2021-11-30 18:51:21.530,2021-11-30
0.0,0.0,5,2021-11-30 19:01:22.677,2021-11-30
0.0,0.0,4,2021-11-30 19:11:23.816,2021-11-30
0.0,0.0,4,2021-11-30 19:21:25.160,2021-11-30
0.0,0.0,5,2021-11-30 19:31:26.326,2021-11-30
0.0,0.0,5,2021-11-30 19:41:27.560,2021-11-30
0.0,0.0,5,2021-11-30 19:51:28.694,2021-11-30
0.0,0.0,5,2021-11-30 20:01:29.946,2021-11-30
0.0,0.0,3,2021-11-30 20:11:31.172,2021-11-30
0.0,0.0,6,2021-11-30 20:21:32.521,2021-11-30
0.0,0.0,7,2021-11-30 20:31:33.824,2021-11-30
0.0,0.0,7,2021-11-30 20:41:34.936,2021-11-30
0.0,0.0,7,2021-11-30 20:51:36.150,2021-11-30
0.0,0.0,7,2021-11-30 21:01:37.310,2021-11-30
0.0,0.0,7,2021-11-30 21:11:38.651,2021-11-30
0.0,0.0,7,2021-11-30 21:21:39.951,2021-11-30
0.0,0.0,5,2021-11-30 21:31:41.252,2021-11-30
0.0,0.0,3,2021-11-30 21:41:42.414,2021-11-30
0.0,0.0,1,2021-11-30 21:51:43.713,2021-11-30
0.0,0.0,0,2021-11-30 22:01:45.461,2021-11-30
0.0,0.0,9,2021-11-30 22:11:46.916,2021-11-30
0.0,0.0,6,2021-11-30 22:21:48.146,2021-11-30
0.0,0.0,12,2021-11-30 22:31:49.372,2021-11-30
0.0,0.0,9,2021-11-30 22:41:50.478,2021-11-30
0.0,0.0,4,2021-11-30 22:51:51.773,2021-11-30
0.0,0.0,1667,2021-11-30 23:01:52.888,2021-11-30
0.0,0.0,1616,2021-11-30 23:11:54.178,2021-11-30
0.0,0.0,1576,2021-11-30 23:21:55.298,2021-11-30
0.0,0.0,1568,2021-11-30 23:31:56.532,2021-11-30
0.0,0.0,1586,2021-11-30 23:41:57.874,2021-11-30
0.0,0.0,1585,2021-11-30 23:51:59.153,2021-11-30
0.0,0.0,1586,2021-12-01 00:02:00.355,2021-12-01
0.0,0.0,1581,2021-12-01 00:12:01.595,2021-12-01
0.0,0.0,1584,2021-12-01 00:22:02.851,2021-12-01
0.0,0.0,1584,2021-12-01 00:32:09.042,2021-12-01
0.0,0.0,1581,2021-12-01 00:42:10.326,2021-12-01
0.0,0.0,1581,2021-12-01 00:52:11.556,2021-12-01
0.0,0.0,1274,2021-12-01 01:02:12.765,2021-12-01
0.0,0.0,0,2021-12-01 01:12:14.003,2021-12-01
0.0,0.0,0,2021-12-01 01:22:15.165,2021-12-01
0.0,0.0,0,2021-12-01 01:32:16.471,2021-12-01
0.0,0.0,0,2021-12-01 01:42:17.683,2021-12-01
0.0,0.0,0,2021-12-01 01:52:18.890,2021-12-01
0.0,0.0,0,2021-12-01 02:02:20.151,2021-12-01
0.0,0.0,0,2021-12-01 02:12:21.546,2021-12-01
0.0,0.0,0,2021-12-01 02:22:22.694,2021-12-01
0.0,0.0,0,2021-12-01 02:32:23.957,2021-12-01
0.0,0.0,0,2021-12-01 02:42:25.172,2021-12-01
0.0,0.0,0,2021-12-01 02:52:26.359,2021-12-01
0.0,0.0,0,2021-12-01 03:02:27.562,2021-12-01
0.0,0.0,0,2021-12-01 03:12:28.821,2021-12-01
0.0,0.0,0,2021-12-01 03:22:30.162,2021-12-01
0.0,0.0,0,2021-12-01 03:32:31.467,2021-12-01
0.0,0.0,0,2021-12-01 03:42:32.687,2021-12-01
0.0,0.0,0,2021-12-01 03:52:33.859,2021-12-01
0.0,0.0,0,2021-12-01 04:02:35.078,2021-12-01
0.0,0.0,0,2021-12-01 04:12:36.319,2021-12-01
0.0,0.0,0,2021-12-01 04:22:37.458,2021-12-01
0.0,0.0,0,2021-12-01 04:32:38.671,2021-12-01
0.0,0.0,0,2021-12-01 04:42:39.888,2021-12-01
0.0,0.0,0,2021-12-01 04:52:41.016,2021-12-01
0.0,0.0,0,2021-12-01 05:02:42.266,2021-12-01
0.0,0.0,0,2021-12-01 05:12:43.406,2021-12-01
0.0,0.0,0,2021-12-01 05:22:44.668,2021-12-01
0.0,0.0,0,2021-12-01 05:32:45.977,2021-12-01
0.0,0.0,0,2021-12-01 05:42:47.112,2021-12-01
0.0,0.0,0,2021-12-01 05:52:48.349,2021-12-01
0.0,0.0,0,2021-12-01 06:02:49.658,2021-12-01
0.0,0.0,0,2021-12-01 06:12:50.927,2021-12-01
0.0,0.0,0,2021-12-01 06:22:52.157,2021-12-01
0.0,0.0,0,2021-12-01 06:32:53.370,2021-12-01
0.0,0.0,0,2021-12-01 06:42:54.573,2021-12-01
0.0,0.0,0,2021-12-01 06:52:55.690,2021-12-01
0.0,0.0,0,2021-12-01 07:02:56.886,2021-12-01
0.0,0.0,0,2021-12-01 07:12:58.058,2021-12-01
0.0,0.0,0,2021-12-01 07:22:59.295,2021-12-01
0.0,0.0,0,2021-12-01 07:33:00.477,2021-12-01
0.0,0.0,0,2021-12-01 07:43:01.587,2021-12-01
0.0,0.0,0,2021-12-01 07:53:02.774,2021-12-01
0.0,0.0,154,2021-12-01 08:03:04.066,2021-12-01
0.0,0.0,1764,2021-12-01 08:13:05.620,2021-12-01
0.0,0.0,1061,2021-12-01 08:23:06.729,2021-12-01
0.0,0.0,1462,2021-12-01 08:33:07.988,2021-12-01
0.0,0.0,1774,2021-12-01 08:43:09.161,2021-12-01
0.0,0.0,2119,2021-12-01 08:53:10.480,2021-12-01
0.0,0.0,1934,2021-12-01 09:03:11.802,2021-12-01
0.0,0.0,1898,2021-12-01 09:13:13.096,2021-12-01
0.0,0.0,2615,2021-12-01 09:23:14.371,2021-12-01
0.0,0.0,2791,2021-12-01 09:33:15.547,2021-12-01
0.0,0.0,2902,2021-12-01 09:43:16.767,2021-12-01
0.0,0.0,2630,2021-12-01 09:53:18.009,2021-12-01
0.0,0.0,3032,2021-12-01 10:03:19.251,2021-12-01
0.0,0.0,3206,2021-12-01 10:13:20.498,2021-12-01
0.0,0.0,3014,2021-12-01 10:23:21.676,2021-12-01
0.0,0.0,3225,2021-12-01 10:33:22.951,2021-12-01
0.0,0.0,3227,2021-12-01 10:43:24.169,2021-12-01
0.0,0.0,3341,2021-12-01 10:53:25.329,2021-12-01
0.0,0.0,3544,2021-12-01 11:03:26.579,2021-12-01
0.0,0.0,3480,2021-12-01 11:13:27.800,2021-12-01
0.0,0.0,3479,2021-12-01 11:23:28.957,2021-12-01
0.0,0.0,3545,2021-12-01 11:33:30.173,2021-12-01
0.0,0.0,3558,2021-12-01 11:43:31.483,2021-12-01
0.0,0.0,3784,2021-12-01 11:53:32.765,2021-12-01
0.0,0.0,3587,2021-12-01 12:03:34.154,2021-12-01
0.0,0.0,3235,2021-12-01 12:13:35.369,2021-12-01
0.0,0.0,3082,2021-12-01 12:23:36.606,2021-12-01
0.0,0.0,3023,2021-12-01 12:33:37.764,2021-12-01
0.0,0.0,3801,2021-12-01 12:43:38.967,2021-12-01
0.0,0.0,4135,2021-12-01 12:53:40.273,2021-12-01
0.0,0.0,3364,2021-12-01 13:03:41.474,2021-12-01
0.0,0.0,4504,2021-12-01 13:13:42.689,2021-12-01
0.0,0.0,4206,2021-12-01 13:23:43.964,2021-12-01
0.0,0.0,2989,2021-12-01 13:33:45.147,2021-12-01
0.0,0.0,4308,2021-12-01 13:43:46.256,2021-12-01
0.0,0.0,3970,2021-12-01 13:53:47.465,2021-12-01
0.0,0.0,4504,2021-12-01 14:03:48.655,2021-12-01
0.0,0.0,3879,2021-12-01 14:13:49.799,2021-12-01
0.0,0.0,3050,2021-12-01 14:23:51.054,2021-12-01
0.0,0.0,1851,2021-12-01 14:33:52.240,2021-12-01
0.0,0.0,1700,2021-12-01 14:43:53.376,2021-12-01
0.0,0.0,2547,2021-12-01 14:53:54.553,2021-12-01
0.0,0.0,3067,2021-12-01 15:03:55.753,2021-12-01
0.0,0.0,2703,2021-12-01 15:13:57.063,2021-12-01
0.0,0.0,2670,2021-12-01 15:23:58.180,2021-12-01
0.0,0.0,2222,2021-12-01 15:33:59.455,2021-12-01
0.0,0.0,1971,2021-12-01 15:44:00.662,2021-12-01
0.0,0.0,1253,2021-12-01 15:54:01.858,2021-12-01
0.0,0.0,575,2021-12-01 16:04:03.041,2021-12-01
0.0,0.0,25,2021-12-01 16:14:04.249,2021-12-01
0.0,0.0,0,2021-12-01 16:24:05.524,2021-12-01
0.0,0.0,0,2021-12-01 16:34:06.754,2021-12-01
0.0,0.0,0,2021-12-01 16:44:07.930,2021-12-01
0.0,0.0,0,2021-12-01 16:54:09.068,2021-12-01
0.0,0.0,0,2021-12-01 17:04:10.397,2021-12-01
0.0,0.0,0,2021-12-01 17:14:11.641,2021-12-01
0.0,0.0,0,2021-12-01 17:24:12.843,2021-12-01
0.0,0.0,0,2021-12-01 17:34:14.072,2021-12-01
0.0,0.0,0,2021-12-01 17:44:15.240,2021-12-01
0.0,0.0,0,2021-12-01 17:54:18.260,2021-12-01
0.0,0.0,0,2021-12-01 18:04:19.599,2021-12-01
0.0,0.0,0,2021-12-01 18:14:20.751,2021-12-01
0.0,0.0,0,2021-12-01 18:24:21.985,2021-12-01
0.0,0.0,0,2021-12-01 18:34:23.170,2021-12-01
0.0,0.0,29,2021-12-01 18:44:24.371,2021-12-01
0.0,0.0,0,2021-12-01 18:54:25.485,2021-12-01
0.0,0.0,0,2021-12-01 19:04:26.679,2021-12-01
0.0,0.0,0,2021-12-01 19:14:27.887,2021-12-01
0.0,0.0,0,2021-12-01 19:24:29.012,2021-12-01
0.0,0.0,0,2021-12-01 19:34:30.278,2021-12-01
0.0,0.0,0,2021-12-01 19:44:31.396,2021-12-01
0.0,0.0,0,2021-12-01 19:54:32.699,2021-12-01
0.0,0.0,0,2021-12-01 20:04:33.891,2021-12-01
0.0,0.0,0,2021-12-01 20:14:35.097,2021-12-01
0.0,0.0,0,2021-12-01 20:24:36.365,2021-12-01
0.0,0.0,0,2021-12-01 20:34:37.481,2021-12-01
0.0,0.0,0,2021-12-01 20:44:38.676,2021-12-01
0.0,0.0,0,2021-12-01 20:54:39.808,2021-12-01
0.0,0.0,0,2021-12-01 21:04:41.076,2021-12-01
0.0,0.0,0,2021-12-01 21:14:42.264,2021-12-01
0.0,0.0,0,2021-12-01 21:24:43.385,2021-12-01
0.0,0.0,0,2021-12-01 21:34:44.567,2021-12-01
0.0,0.0,0,2021-12-01 21:44:45.781,2021-12-01
0.0,0.0,0,2021-12-01 21:54:46.887,2021-12-01
0.0,0.0,1776,2021-12-01 22:04:48.173,2021-12-01
0.0,0.0,1749,2021-12-01 22:14:49.354,2021-12-01
0.0,0.0,1750,2021-12-01 22:24:50.503,2021-12-01
0.0,0.0,1741,2021-12-01 22:34:51.785,2021-12-01
0.0,0.0,1742,2021-12-01 22:44:52.923,2021-12-01
0.0,0.0,1719,2021-12-01 22:54:54.233,2021-12-01
0.0,0.0,1697,2021-12-01 23:04:55.472,2021-12-01
0.0,0.0,1733,2021-12-01 23:14:56.777,2021-12-01
0.0,0.0,1745,2021-12-01 23:24:57.976,2021-12-01
0.0,0.0,1735,2021-12-01 23:34:59.184,2021-12-01
0.0,0.0,1736,2021-12-01 23:45:00.472,2021-12-01
0.0,0.0,1737,2021-12-01 23:55:01.664,2021-12-01
0.0,0.0,1733,2021-12-02 00:05:02.973,2021-12-02
0.0,0.0,1747,2021-12-02 00:15:04.276,2021-12-02
0.0,0.0,1577,2021-12-02 00:25:05.460,2021-12-02
0.0,0.0,846,2021-12-02 00:35:06.659,2021-12-02
0.0,0.0,0,2021-12-02 00:45:07.880,2021-12-02
0.0,0.0,0,2021-12-02 00:55:09.014,2021-12-02
0.0,0.0,0,2021-12-02 01:05:10.254,2021-12-02
0.0,0.0,0,2021-12-02 01:15:11.481,2021-12-02
0.0,0.0,0,2021-12-02 01:25:12.830,2021-12-02
0.0,0.0,0,2021-12-02 01:35:14.081,2021-12-02
0.0,0.0,0,2021-12-02 01:45:15.280,2021-12-02
0.0,0.0,0,2021-12-02 01:55:16.379,2021-12-02
0.0,0.0,0,2021-12-02 02:05:17.554,2021-12-02
0.0,0.0,0,2021-12-02 02:15:18.750,2021-12-02
0.0,0.0,0,2021-12-02 02:25:19.986,2021-12-02
0.0,0.0,0,2021-12-02 02:35:21.263,2021-12-02
0.0,0.0,0,2021-12-02 02:45:22.464,2021-12-02
0.0,0.0,0,2021-12-02 02:55:23.756,2021-12-02
0.0,0.0,0,2021-12-02 03:05:24.964,2021-12-02
0.0,0.0,0,2021-12-02 03:15:26.275,2021-12-02
0.0,0.0,0,2021-12-02 03:25:27.475,2021-12-02
0.0,0.0,0,2021-12-02 03:35:28.654,2021-12-02
0.0,0.0,0,2021-12-02 03:45:29.849,2021-12-02
0.0,0.0,0,2021-12-02 03:55:31.055,2021-12-02
0.0,0.0,0,2021-12-02 04:05:32.169,2021-12-02
0.0,0.0,0,2021-12-02 04:15:33.286,2021-12-02
0.0,0.0,0,2021-12-02 04:25:34.552,2021-12-02
0.0,0.0,0,2021-12-02 04:35:35.736,2021-12-02
0.0,0.0,0,2021-12-02 04:45:37.032,2021-12-02
0.0,0.0,0,2021-12-02 04:55:38.272,2021-12-02
0.0,0.0,0,2021-12-02 05:05:39.452,2021-12-02
0.0,0.0,0,2021-12-02 05:15:40.584,2021-12-02
0.0,0.0,0,2021-12-02 05:25:41.710,2021-12-02
0.0,0.0,0,2021-12-02 05:35:42.831,2021-12-02
0.0,0.0,0,2021-12-02 05:45:44.062,2021-12-02
0.0,0.0,0,2021-12-02 05:55:45.217,2021-12-02
0.0,0.0,0,2021-12-02 06:05:46.427,2021-12-02
0.0,0.0,0,2021-12-02 06:15:47.633,2021-12-02
0.0,0.0,0,2021-12-02 06:25:48.756,2021-12-02
0.0,0.0,0,2021-12-02 06:35:50.067,2021-12-02
0.0,0.0,0,2021-12-02 06:45:51.361,2021-12-02
0.0,0.0,0,2021-12-02 06:55:52.530,2021-12-02
0.0,0.0,0,2021-12-02 07:05:53.753,2021-12-02
0.0,0.0,0,2021-12-02 07:15:54.942,2021-12-02
0.0,0.0,0,2021-12-02 07:25:56.139,2021-12-02
0.0,0.0,0,2021-12-02 07:35:57.443,2021-12-02
0.0,0.0,0,2021-12-02 07:45:58.631,2021-12-02
0.0,0.0,0,2021-12-02 07:55:59.829,2021-12-02
0.0,0.0,0,2021-12-02 08:06:01.053,2021-12-02
0.0,0.0,0,2021-12-02 08:16:02.470,2021-12-02
0.0,0.0,0,2021-12-02 08:26:03.733,2021-12-02
0.0,0.0,0,2021-12-02 08:36:04.860,2021-12-02
0.0,0.0,0,2021-12-02 08:46:06.050,2021-12-02
0.0,0.0,0,2021-12-02 08:56:07.245,2021-12-02
0.0,0.0,0,2021-12-02 09:06:08.543,2021-12-02
0.0,0.0,0,2021-12-02 09:16:09.820,2021-12-02
0.0,0.0,0,2021-12-02 09:26:10.966,2021-12-02
0.0,0.0,0,2021-12-02 09:36:12.239,2021-12-02
0.0,0.0,1355,2021-12-02 09:46:13.429,2021-12-02
0.0,0.0,3033,2021-12-02 09:56:14.647,2021-12-02
0.0,0.0,3022,2021-12-02 10:06:16.035,2021-12-02
0.0,0.0,3138,2021-12-02 10:16:17.261,2021-12-02
0.0,0.0,3153,2021-12-02 10:26:18.537,2021-12-02
0.0,0.0,3150,2021-12-02 10:36:19.748,2021-12-02
0.0,0.0,3153,2021-12-02 10:46:20.916,2021-12-02
0.0,0.0,3176,2021-12-02 10:56:22.149,2021-12-02
0.0,0.0,3210,2021-12-02 11:06:23.373,2021-12-02
0.0,0.0,3264,2021-12-02 11:16:24.669,2021-12-02
0.0,0.0,3385,2021-12-02 11:26:25.809,2021-12-02
0.0,0.0,3477,2021-12-02 11:36:26.944,2021-12-02
0.0,0.0,3557,2021-12-02 11:46:28.137,2021-12-02
0.0,0.0,3612,2021-12-02 11:56:31.178,2021-12-02
0.0,0.0,3736,2021-12-02 12:06:32.383,2021-12-02
0.0,0.0,3784,2021-12-02 12:16:33.797,2021-12-02
0.0,0.0,3885,2021-12-02 12:26:34.994,2021-12-02
0.0,0.0,4020,2021-12-02 12:36:36.185,2021-12-02
0.0,0.0,4138,2021-12-02 12:46:37.405,2021-12-02
0.0,0.0,4253,2021-12-02 12:56:38.529,2021-12-02
0.0,0.0,4504,2021-12-02 13:06:40.000,2021-12-02
0.0,0.0,4504,2021-12-02 13:16:41.406,2021-12-02
0.0,0.0,4504,2021-12-02 13:26:42.715,2021-12-02
0.0,0.0,4504,2021-12-02 13:36:43.981,2021-12-02
0.0,0.0,4504,2021-12-02 13:46:45.207,2021-12-02
0.0,0.0,4504,2021-12-02 13:56:46.499,2021-12-02
0.0,0.0,4504,2021-12-02 14:06:47.628,2021-12-02
0.0,0.0,4504,2021-12-02 14:16:49.046,2021-12-02
0.0,0.0,4390,2021-12-02 14:26:50.507,2021-12-02
0.0,0.0,3691,2021-12-02 14:36:51.703,2021-12-02
0.0,0.0,3444,2021-12-02 14:46:52.977,2021-12-02
0.0,0.0,3311,2021-12-02 14:56:54.230,2021-12-02
0.0,0.0,3161,2021-12-02 15:06:55.584,2021-12-02
0.0,0.0,2915,2021-12-02 15:16:56.908,2021-12-02
0.0,0.0,2619,2021-12-02 15:26:58.041,2021-12-02
0.0,0.0,1997,2021-12-02 15:36:59.294,2021-12-02
0.0,0.0,1698,2021-12-02 15:47:00.529,2021-12-02
0.0,0.0,1977,2021-12-02 15:57:01.698,2021-12-02
0.0,0.0,520,2021-12-02 16:07:02.846,2021-12-02
0.0,0.0,60,2021-12-02 16:17:04.136,2021-12-02
0.0,0.0,0,2021-12-02 16:27:05.412,2021-12-02
0.0,0.0,0,2021-12-02 16:37:06.604,2021-12-02
0.0,0.0,0,2021-12-02 16:47:07.811,2021-12-02
0.0,0.0,0,2021-12-02 16:57:09.117,2021-12-02
0.0,0.0,0,2021-12-02 17:07:11.865,2021-12-02
0.0,0.0,0,2021-12-02 17:17:13.318,2021-12-02
0.0,0.0,0,2021-12-02 17:27:14.598,2021-12-02
0.0,0.0,0,2021-12-02 17:37:15.712,2021-12-02
0.0,0.0,0,2021-12-02 17:47:16.863,2021-12-02
0.0,0.0,0,2021-12-02 17:57:18.149,2021-12-02
0.0,0.0,0,2021-12-02 18:07:19.412,2021-12-02
0.0,0.0,0,2021-12-02 18:17:20.648,2021-12-02
0.0,0.0,0,2021-12-02 18:27:21.767,2021-12-02
0.0,0.0,0,2021-12-02 18:37:22.900,2021-12-02
0.0,0.0,0,2021-12-02 18:47:24.131,2021-12-02
0.0,0.0,0,2021-12-02 18:57:25.435,2021-12-02
0.0,0.0,0,2021-12-02 19:07:26.631,2021-12-02
0.0,0.0,0,2021-12-02 19:17:27.847,2021-12-02
0.0,0.0,0,2021-12-02 19:27:29.040,2021-12-02
0.0,0.0,0,2021-12-02 19:37:30.222,2021-12-02
0.0,0.0,0,2021-12-02 19:47:31.444,2021-12-02
0.0,0.0,0,2021-12-02 19:57:32.699,2021-12-02
0.0,0.0,464,2021-12-02 20:07:33.994,2021-12-02
0.0,0.0,483,2021-12-02 20:17:35.127,2021-12-02
0.0,0.0,1,2021-12-02 20:27:36.262,2021-12-02
0.0,0.0,1,2021-12-02 20:37:40.852,2021-12-02
0.0,0.0,1,2021-12-02 20:47:42.097,2021-12-02
0.0,0.0,2,2021-12-02 20:57:43.338,2021-12-02
0.0,0.0,4,2021-12-02 21:07:44.718,2021-12-02
0.0,0.0,1,2021-12-02 21:17:45.989,2021-12-02
0.0,0.0,1,2021-12-02 21:27:47.134,2021-12-02
0.0,0.0,2,2021-12-02 21:37:48.257,2021-12-02
0.0,0.0,2,2021-12-02 21:47:49.500,2021-12-02
0.0,0.0,0,2021-12-02 21:57:50.808,2021-12-02
0.0,0.0,0,2021-12-02 22:07:52.008,2021-12-02
0.0,0.0,1,2021-12-02 22:17:53.194,2021-12-02
0.0,0.0,3,2021-12-02 22:27:54.392,2021-12-02
0.0,0.0,0,2021-12-02 22:37:55.597,2021-12-02
0.0,0.0,1715,2021-12-02 22:47:56.830,2021-12-02
0.0,0.0,1687,2021-12-02 22:57:58.028,2021-12-02
0.0,0.0,1662,2021-12-02 23:07:59.148,2021-12-02
0.0,0.0,1670,2021-12-02 23:18:00.408,2021-12-02
0.0,0.0,1642,2021-12-02 23:28:03.702,2021-12-02
0.0,0.0,1642,2021-12-02 23:38:04.952,2021-12-02
0.0,0.0,1572,2021-12-02 23:48:06.168,2021-12-02
0.0,0.0,1535,2021-12-02 23:58:07.450,2021-12-02
0.0,0.0,1580,2021-12-03 00:08:08.764,2021-12-03
0.0,0.0,820,2021-12-03 00:18:09.956,2021-12-03
0.0,0.0,0,2021-12-03 00:28:11.081,2021-12-03
0.0,0.0,0,2021-12-03 00:38:12.636,2021-12-03
0.0,0.0,0,2021-12-03 00:48:13.880,2021-12-03
0.0,0.0,0,2021-12-03 00:58:15.069,2021-12-03
0.0,0.0,0,2021-12-03 01:08:16.266,2021-12-03
0.0,0.0,0,2021-12-03 01:18:17.428,2021-12-03
0.0,0.0,0,2021-12-03 01:28:18.729,2021-12-03
0.0,0.0,0,2021-12-03 01:38:19.937,2021-12-03
0.0,0.0,0,2021-12-03 01:48:21.158,2021-12-03
0.0,0.0,0,2021-12-03 01:58:22.288,2021-12-03
0.0,0.0,0,2021-12-03 02:08:23.429,2021-12-03
0.0,0.0,0,2021-12-03 02:18:24.752,2021-12-03
0.0,0.0,0,2021-12-03 02:28:25.970,2021-12-03
0.0,0.0,0,2021-12-03 02:38:27.132,2021-12-03
0.0,0.0,0,2021-12-03 02:48:28.375,2021-12-03
0.0,0.0,0,2021-12-03 02:58:29.676,2021-12-03
0.0,0.0,0,2021-12-03 03:08:30.822,2021-12-03
0.0,0.0,0,2021-12-03 03:18:32.174,2021-12-03
0.0,0.0,0,2021-12-03 03:28:33.348,2021-12-03
0.0,0.0,0,2021-12-03 03:38:34.978,2021-12-03
0.0,0.0,0,2021-12-03 03:48:36.166,2021-12-03
0.0,0.0,0,2021-12-03 03:58:37.344,2021-12-03
0.0,0.0,0,2021-12-03 04:08:38.550,2021-12-03
0.0,0.0,0,2021-12-03 04:18:39.903,2021-12-03
0.0,0.0,0,2021-12-03 04:28:41.180,2021-12-03
0.0,0.0,0,2021-12-03 04:38:42.406,2021-12-03
0.0,0.0,0,2021-12-03 04:48:43.653,2021-12-03
0.0,0.0,0,2021-12-03 04:58:44.918,2021-12-03
0.0,0.0,0,2021-12-03 05:08:46.252,2021-12-03
0.0,0.0,0,2021-12-03 05:18:47.762,2021-12-03
0.0,0.0,0,2021-12-03 05:28:49.074,2021-12-03
0.0,0.0,0,2021-12-03 05:38:50.368,2021-12-03
0.0,0.0,0,2021-12-03 05:48:51.504,2021-12-03
0.0,0.0,0,2021-12-03 05:58:52.772,2021-12-03
0.0,0.0,0,2021-12-03 06:08:53.948,2021-12-03
0.0,0.0,0,2021-12-03 06:18:55.094,2021-12-03
0.0,0.0,0,2021-12-03 06:28:56.376,2021-12-03
0.0,0.0,0,2021-12-03 06:38:57.581,2021-12-03
0.0,0.0,0,2021-12-03 06:48:58.964,2021-12-03
0.0,0.0,0,2021-12-03 06:59:00.094,2021-12-03
0.0,0.0,0,2021-12-03 07:09:01.284,2021-12-03
0.0,0.0,0,2021-12-03 07:19:02.501,2021-12-03
0.0,0.0,0,2021-12-03 07:29:03.667,2021-12-03
0.0,0.0,0,2021-12-03 07:39:04.876,2021-12-03
0.0,0.0,0,2021-12-03 07:49:05.988,2021-12-03
0.0,0.0,0,2021-12-03 07:59:07.272,2021-12-03
0.0,0.0,0,2021-12-03 08:09:08.598,2021-12-03
0.0,0.0,0,2021-12-03 08:19:09.895,2021-12-03
0.0,0.0,0,2021-12-03 08:29:11.042,2021-12-03
0.0,0.0,0,2021-12-03 08:39:12.262,2021-12-03
0.0,0.0,0,2021-12-03 08:49:13.454,2021-12-03
0.0,0.0,0,2021-12-03 08:59:14.653,2021-12-03
0.0,0.0,0,2021-12-03 09:09:15.862,2021-12-03
0.0,0.0,0,2021-12-03 09:19:17.169,2021-12-03
0.0,0.0,1582,2021-12-03 09:29:18.375,2021-12-03
0.0,0.0,2189,2021-12-03 09:39:19.557,2021-12-03
0.0,0.0,2473,2021-12-03 09:49:20.987,2021-12-03
0.0,0.0,2813,2021-12-03 09:59:22.154,2021-12-03
0.0,0.0,2647,2021-12-03 10:09:23.450,2021-12-03
0.0,0.0,3036,2021-12-03 10:19:24.698,2021-12-03
0.0,0.0,2916,2021-12-03 10:29:25.999,2021-12-03
0.0,0.0,3484,2021-12-03 10:39:27.285,2021-12-03
0.0,0.0,2917,2021-12-03 10:49:28.559,2021-12-03
0.0,0.0,2542,2021-12-03 10:59:29.772,2021-12-03
0.0,0.0,2938,2021-12-03 11:09:30.956,2021-12-03
0.0,0.0,2906,2021-12-03 11:19:32.252,2021-12-03
0.0,0.0,2878,2021-12-03 11:29:33.602,2021-12-03
0.0,0.0,2814,2021-12-03 11:39:34.804,2021-12-03
0.0,0.0,2764,2021-12-03 11:49:36.135,2021-12-03
0.0,0.0,2577,2021-12-03 11:59:37.802,2021-12-03
0.0,0.0,2589,2021-12-03 12:09:39.002,2021-12-03
0.0,0.0,2813,2021-12-03 12:19:40.249,2021-12-03
0.0,0.0,3463,2021-12-03 12:29:42.571,2021-12-03
0.0,0.0,3167,2021-12-03 12:39:43.802,2021-12-03
0.0,0.0,2984,2021-12-03 12:49:45.061,2021-12-03
0.0,0.0,3048,2021-12-03 12:59:46.216,2021-12-03
0.0,0.0,3022,2021-12-03 13:09:47.502,2021-12-03
0.0,0.0,3104,2021-12-03 13:19:48.653,2021-12-03
0.0,0.0,2940,2021-12-03 13:29:49.890,2021-12-03
0.0,0.0,2607,2021-12-03 13:39:51.096,2021-12-03
0.0,0.0,2115,2021-12-03 13:49:52.451,2021-12-03
0.0,0.0,2360,2021-12-03 13:59:53.715,2021-12-03
0.0,0.0,2077,2021-12-03 14:09:54.908,2021-12-03
0.0,0.0,1884,2021-12-03 14:19:57.940,2021-12-03
0.0,0.0,1846,2021-12-03 14:29:59.189,2021-12-03
0.0,0.0,1598,2021-12-03 14:40:00.457,2021-12-03
0.0,0.0,1297,2021-12-03 14:50:01.653,2021-12-03
0.0,0.0,918,2021-12-03 15:00:02.960,2021-12-03
0.0,0.0,852,2021-12-03 15:10:04.150,2021-12-03
0.0,0.0,621,2021-12-03 15:20:05.375,2021-12-03
0.0,0.0,587,2021-12-03 15:30:06.551,2021-12-03
0.0,0.0,203,2021-12-03 15:40:07.785,2021-12-03
0.0,0.0,0,2021-12-03 15:50:09.032,2021-12-03
0.0,0.0,0,2021-12-03 16:00:12.359,2021-12-03
0.0,0.0,0,2021-12-03 16:10:13.594,2021-12-03
0.0,0.0,0,2021-12-03 16:20:14.755,2021-12-03
0.0,0.0,0,2021-12-03 16:30:16.041,2021-12-03
0.0,0.0,0,2021-12-03 16:40:17.331,2021-12-03
0.0,0.0,0,2021-12-03 16:50:18.621,2021-12-03
0.0,0.0,0,2021-12-03 17:00:19.769,2021-12-03
0.0,0.0,0,2021-12-03 17:10:21.010,2021-12-03
0.0,0.0,0,2021-12-03 17:20:22.208,2021-12-03
0.0,0.0,0,2021-12-03 17:30:23.463,2021-12-03
0.0,0.0,0,2021-12-03 17:40:24.711,2021-12-03
0.0,0.0,0,2021-12-03 17:50:25.885,2021-12-03
0.0,0.0,0,2021-12-03 18:00:26.977,2021-12-03
0.0,0.0,0,2021-12-03 18:10:28.103,2021-12-03
0.0,0.0,0,2021-12-03 18:20:29.228,2021-12-03
0.0,0.0,0,2021-12-03 18:30:30.338,2021-12-03
0.0,0.0,0,2021-12-03 18:40:31.584,2021-12-03
0.0,0.0,0,2021-12-03 18:50:32.996,2021-12-03
0.0,0.0,0,2021-12-03 19:00:34.188,2021-12-03
0.0,0.0,0,2021-12-03 19:10:35.396,2021-12-03
0.0,0.0,0,2021-12-03 19:20:36.708,2021-12-03
0.0,0.0,0,2021-12-03 19:30:37.887,2021-12-03
0.0,0.0,0,2021-12-03 19:40:39.026,2021-12-03
0.0,0.0,0,2021-12-03 19:50:40.159,2021-12-03
0.0,0.0,0,2021-12-03 20:00:41.406,2021-12-03
0.0,0.0,0,2021-12-03 20:10:42.729,2021-12-03
0.0,0.0,0,2021-12-03 20:20:43.987,2021-12-03
0.0,0.0,0,2021-12-03 20:30:45.176,2021-12-03
0.0,0.0,0,2021-12-03 20:40:46.405,2021-12-03
0.0,0.0,0,2021-12-03 20:50:47.533,2021-12-03
0.0,0.0,0,2021-12-03 21:00:48.823,2021-12-03
0.0,0.0,0,2021-12-03 21:10:50.106,2021-12-03
0.0,0.0,1541,2021-12-03 21:20:51.286,2021-12-03
0.0,0.0,1515,2021-12-03 21:30:52.485,2021-12-03
0.0,0.0,1510,2021-12-03 21:40:53.724,2021-12-03
0.0,0.0,1501,2021-12-03 21:50:55.007,2021-12-03
0.0,0.0,1502,2021-12-03 22:00:56.289,2021-12-03
0.0,0.0,1358,2021-12-03 22:10:57.436,2021-12-03
0.0,0.0,0,2021-12-03 22:20:58.680,2021-12-03
0.0,0.0,0,2021-12-03 22:30:59.913,2021-12-03
0.0,0.0,0,2021-12-03 22:41:01.294,2021-12-03
0.0,0.0,0,2021-12-03 22:51:02.510,2021-12-03
0.0,0.0,0,2021-12-03 23:01:03.640,2021-12-03
0.0,0.0,0,2021-12-03 23:11:04.901,2021-12-03
0.0,0.0,0,2021-12-03 23:21:06.125,2021-12-03
0.0,0.0,0,2021-12-03 23:31:07.394,2021-12-03
0.0,0.0,0,2021-12-03 23:41:08.695,2021-12-03
0.0,0.0,0,2021-12-03 23:51:09.883,2021-12-03
0.0,0.0,0,2021-12-04 00:01:11.004,2021-12-04
0.0,0.0,0,2021-12-04 00:11:12.203,2021-12-04
0.0,0.0,0,2021-12-04 00:21:13.491,2021-12-04
0.0,0.0,0,2021-12-04 00:31:14.717,2021-12-04
0.0,0.0,0,2021-12-04 00:41:15.984,2021-12-04
0.0,0.0,0,2021-12-04 00:51:17.221,2021-12-04
0.0,0.0,0,2021-12-04 01:01:18.366,2021-12-04
0.0,0.0,0,2021-12-04 01:11:19.578,2021-12-04
0.0,0.0,0,2021-12-04 01:21:20.786,2021-12-04
0.0,0.0,0,2021-12-04 01:31:22.074,2021-12-04
0.0,0.0,0,2021-12-04 01:41:23.281,2021-12-04
0.0,0.0,0,2021-12-04 01:51:26.289,2021-12-04
0.0,0.0,0,2021-12-04 02:01:27.523,2021-12-04
0.0,0.0,0,2021-12-04 02:11:28.732,2021-12-04
0.0,0.0,0,2021-12-04 02:21:29.932,2021-12-04
0.0,0.0,0,2021-12-04 02:31:31.139,2021-12-04
0.0,0.0,0,2021-12-04 02:41:32.501,2021-12-04
0.0,0.0,718,2021-12-04 02:51:33.805,2021-12-04
0.0,0.0,0,2021-12-04 03:01:35.008,2021-12-04
0.0,0.0,0,2021-12-04 03:11:36.221,2021-12-04
0.0,0.0,0,2021-12-04 03:21:37.419,2021-12-04
0.0,0.0,0,2021-12-04 03:31:38.728,2021-12-04
0.0,0.0,0,2021-12-04 03:41:39.927,2021-12-04
0.0,0.0,0,2021-12-04 03:51:41.091,2021-12-04
0.0,0.0,0,2021-12-04 04:01:42.317,2021-12-04
0.0,0.0,0,2021-12-04 04:11:43.530,2021-12-04
0.0,0.0,0,2021-12-04 04:21:44.768,2021-12-04
0.0,0.0,0,2021-12-04 04:31:46.031,2021-12-04
0.0,0.0,0,2021-12-04 04:41:47.229,2021-12-04
0.0,0.0,0,2021-12-04 04:51:48.421,2021-12-04
0.0,0.0,0,2021-12-04 05:01:49.603,2021-12-04
0.0,0.0,0,2021-12-04 05:11:50.728,2021-12-04
0.0,0.0,0,2021-12-04 05:21:52.020,2021-12-04
0.0,0.0,0,2021-12-04 05:31:53.224,2021-12-04
0.0,0.0,0,2021-12-04 05:41:54.388,2021-12-04
0.0,0.0,0,2021-12-04 05:51:55.588,2021-12-04
0.0,0.0,0,2021-12-04 06:01:56.816,2021-12-04
0.0,0.0,0,2021-12-04 06:11:58.117,2021-12-04
0.0,0.0,0,2021-12-04 06:21:59.429,2021-12-04
0.0,0.0,0,2021-12-04 06:32:00.715,2021-12-04
0.0,0.0,0,2021-12-04 06:42:01.903,2021-12-04
0.0,0.0,0,2021-12-04 06:52:03.147,2021-12-04
0.0,0.0,0,2021-12-04 07:02:04.421,2021-12-04
0.0,0.0,0,2021-12-04 07:12:05.644,2021-12-04
0.0,0.0,0,2021-12-04 07:22:06.923,2021-12-04
0.0,0.0,0,2021-12-04 07:32:08.103,2021-12-04
0.0,0.0,0,2021-12-04 07:42:09.318,2021-12-04
0.0,0.0,0,2021-12-04 07:52:10.512,2021-12-04
0.0,0.0,0,2021-12-04 08:02:11.731,2021-12-04
0.0,0.0,0,2021-12-04 08:12:12.858,2021-12-04
0.0,0.0,0,2021-12-04 08:22:14.242,2021-12-04
0.0,0.0,0,2021-12-04 08:32:15.560,2021-12-04
0.0,0.0,0,2021-12-04 08:42:16.820,2021-12-04
0.0,0.0,0,2021-12-04 08:52:18.019,2021-12-04
0.0,0.0,0,2021-12-04 09:02:19.565,2021-12-04
0.0,0.0,0,2021-12-04 09:12:20.681,2021-12-04
0.0,0.0,0,2021-12-04 09:22:21.822,2021-12-04
0.0,0.0,868,2021-12-04 09:32:23.033,2021-12-04
0.0,0.0,2942,2021-12-04 09:42:24.334,2021-12-04
0.0,0.0,3013,2021-12-04 09:52:25.626,2021-12-04
0.0,0.0,3038,2021-12-04 10:02:26.833,2021-12-04
0.0,0.0,3053,2021-12-04 10:12:28.040,2021-12-04
0.0,0.0,3066,2021-12-04 10:22:29.616,2021-12-04
0.0,0.0,3061,2021-12-04 10:32:30.982,2021-12-04
0.0,0.0,3076,2021-12-04 10:42:32.463,2021-12-04
0.0,0.0,3080,2021-12-04 10:52:33.637,2021-12-04
0.0,0.0,3109,2021-12-04 11:02:35.044,2021-12-04
0.0,0.0,3189,2021-12-04 11:12:36.183,2021-12-04
0.0,0.0,3288,2021-12-04 11:22:37.475,2021-12-04
0.0,0.0,3380,2021-12-04 11:32:38.609,2021-12-04
0.0,0.0,3558,2021-12-04 11:42:39.842,2021-12-04
0.0,0.0,3542,2021-12-04 11:52:41.015,2021-12-04
0.0,0.0,3638,2021-12-04 12:02:42.177,2021-12-04
0.0,0.0,3701,2021-12-04 12:12:43.459,2021-12-04
0.0,0.0,3786,2021-12-04 12:22:44.670,2021-12-04
0.0,0.0,3862,2021-12-04 12:32:45.853,2021-12-04
0.0,0.0,3893,2021-12-04 12:42:47.111,2021-12-04
0.0,0.0,3948,2021-12-04 12:52:48.414,2021-12-04
0.0,0.0,4066,2021-12-04 13:02:49.710,2021-12-04
0.0,0.0,3908,2021-12-04 13:12:50.951,2021-12-04
0.0,0.0,4276,2021-12-04 13:22:52.161,2021-12-04
0.0,0.0,3756,2021-12-04 13:32:53.453,2021-12-04
0.0,0.0,4482,2021-12-04 13:42:54.650,2021-12-04
0.0,0.0,4341,2021-12-04 13:52:55.855,2021-12-04
0.0,0.0,3242,2021-12-04 14:02:57.041,2021-12-04
0.0,0.0,3826,2021-12-04 14:12:58.380,2021-12-04
0.0,0.0,2961,2021-12-04 14:22:59.855,2021-12-04
0.0,0.0,3289,2021-12-04 14:33:00.996,2021-12-04
0.0,0.0,3577,2021-12-04 14:43:02.101,2021-12-04
0.0,0.0,3368,2021-12-04 14:53:03.345,2021-12-04
0.0,0.0,3191,2021-12-04 15:03:04.641,2021-12-04
0.0,0.0,2979,2021-12-04 15:13:05.945,2021-12-04
0.0,0.0,2815,2021-12-04 15:23:07.174,2021-12-04
0.0,0.0,2603,2021-12-04 15:33:08.424,2021-12-04
0.0,0.0,2327,2021-12-04 15:43:09.661,2021-12-04
0.0,0.0,1987,2021-12-04 15:53:10.927,2021-12-04
0.0,0.0,1774,2021-12-04 16:03:12.129,2021-12-04
0.0,0.0,1587,2021-12-04 16:13:13.317,2021-12-04
0.0,0.0,1519,2021-12-04 16:23:14.565,2021-12-04
0.0,0.0,1504,2021-12-04 16:33:15.858,2021-12-04
0.0,0.0,1490,2021-12-04 16:43:17.065,2021-12-04
0.0,0.0,1480,2021-12-04 16:53:18.263,2021-12-04
0.0,0.0,1470,2021-12-04 17:03:19.544,2021-12-04
0.0,0.0,1486,2021-12-04 17:13:20.722,2021-12-04
0.0,0.0,1470,2021-12-04 17:23:21.893,2021-12-04
0.0,0.0,1486,2021-12-04 17:33:23.225,2021-12-04
0.0,0.0,1476,2021-12-04 17:43:24.434,2021-12-04
0.0,0.0,1485,2021-12-04 17:53:25.629,2021-12-04
0.0,0.0,1483,2021-12-04 18:03:26.746,2021-12-04
0.0,0.0,1479,2021-12-04 18:13:28.263,2021-12-04
0.0,0.0,1478,2021-12-04 18:23:29.453,2021-12-04
0.0,0.0,1484,2021-12-04 18:33:30.593,2021-12-04
0.0,0.0,1487,2021-12-04 18:43:31.874,2021-12-04
0.0,0.0,1500,2021-12-04 18:53:33.149,2021-12-04
0.0,0.0,1448,2021-12-04 19:03:34.456,2021-12-04
0.0,0.0,1483,2021-12-04 19:13:35.609,2021-12-04
0.0,0.0,1504,2021-12-04 19:23:37.011,2021-12-04
0.0,0.0,1491,2021-12-04 19:33:38.260,2021-12-04
0.0,0.0,1483,2021-12-04 19:43:39.389,2021-12-04
0.0,0.0,1488,2021-12-04 19:53:40.660,2021-12-04
0.0,0.0,1492,2021-12-04 20:03:41.945,2021-12-04
0.0,0.0,1494,2021-12-04 20:13:43.155,2021-12-04
0.0,0.0,1495,2021-12-04 20:23:44.877,2021-12-04
0.0,0.0,1490,2021-12-04 20:33:46.148,2021-12-04
0.0,0.0,1486,2021-12-04 20:43:47.529,2021-12-04
0.0,0.0,1485,2021-12-04 20:53:48.775,2021-12-04
0.0,0.0,1485,2021-12-04 21:03:49.944,2021-12-04
0.0,0.0,1486,2021-12-04 21:13:51.162,2021-12-04
0.0,0.0,1484,2021-12-04 21:23:52.351,2021-12-04
0.0,0.0,1454,2021-12-04 21:33:53.574,2021-12-04
0.0,0.0,1484,2021-12-04 21:43:54.705,2021-12-04
0.0,0.0,1592,2021-12-04 21:53:55.852,2021-12-04
0.0,0.0,1580,2021-12-04 22:03:57.264,2021-12-04
0.0,0.0,1586,2021-12-04 22:13:58.401,2021-12-04
0.0,0.0,1575,2021-12-04 22:23:59.674,2021-12-04
0.0,0.0,1566,2021-12-04 22:34:00.989,2021-12-04
0.0,0.0,1567,2021-12-04 22:44:02.294,2021-12-04
0.0,0.0,1573,2021-12-04 22:54:03.677,2021-12-04
0.0,0.0,1571,2021-12-04 23:04:07.244,2021-12-04
0.0,0.0,1574,2021-12-04 23:14:08.675,2021-12-04
0.0,0.0,1586,2021-12-04 23:24:09.938,2021-12-04
0.0,0.0,1583,2021-12-04 23:34:11.077,2021-12-04
0.0,0.0,1577,2021-12-04 23:44:12.373,2021-12-04
0.0,0.0,1585,2021-12-04 23:54:13.516,2021-12-04
0.0,0.0,1574,2021-12-05 00:04:14.747,2021-12-05
52.8,21.4,1520,2021-12-05 00:26:12.290,2021-12-05
56.8,19.2,1516,2021-12-05 00:36:13.502,2021-12-05
59.8,18.3,822,2021-12-05 00:46:14.826,2021-12-05
60.0,18.1,0,2021-12-05 00:56:17.463,2021-12-05
60.7,18.1,0,2021-12-05 01:06:18.738,2021-12-05
61.3,17.9,0,2021-12-05 01:16:19.957,2021-12-05
61.6,17.8,0,2021-12-05 01:26:21.168,2021-12-05
61.7,17.8,0,2021-12-05 01:36:22.326,2021-12-05
62.0,17.7,0,2021-12-05 01:46:23.417,2021-12-05
62.2,17.7,0,2021-12-05 01:56:24.633,2021-12-05
62.4,17.6,0,2021-12-05 02:06:25.815,2021-12-05
62.3,17.6,0,2021-12-05 02:16:26.918,2021-12-05
62.4,17.5,0,2021-12-05 02:26:28.074,2021-12-05
62.5,17.5,0,2021-12-05 02:36:29.164,2021-12-05
62.5,17.4,0,2021-12-05 02:46:30.327,2021-12-05
62.7,17.4,0,2021-12-05 02:56:31.526,2021-12-05
62.7,17.3,0,2021-12-05 03:06:32.713,2021-12-05
62.8,17.3,0,2021-12-05 03:16:33.898,2021-12-05
62.8,17.2,0,2021-12-05 03:26:35.125,2021-12-05
62.8,17.2,0,2021-12-05 03:36:36.388,2021-12-05
62.9,17.2,0,2021-12-05 03:46:37.621,2021-12-05
63.1,17.2,0,2021-12-05 03:56:38.809,2021-12-05
63.5,17.2,0,2021-12-05 04:06:40.187,2021-12-05
63.9,17.2,0,2021-12-05 04:16:41.800,2021-12-05
64.2,17.2,0,2021-12-05 04:26:43.195,2021-12-05
64.2,17.1,0,2021-12-05 04:36:44.882,2021-12-05
64.3,17.1,0,2021-12-05 04:46:47.825,2021-12-05
64.2,17.1,0,2021-12-05 04:56:49.246,2021-12-05
64.2,17.1,0,2021-12-05 05:06:50.463,2021-12-05
64.3,17.1,0,2021-12-05 05:16:51.685,2021-12-05
64.3,17.0,0,2021-12-05 05:26:52.903,2021-12-05
64.4,17.0,0,2021-12-05 05:36:54.021,2021-12-05
64.5,17.0,0,2021-12-05 05:46:55.387,2021-12-05
64.5,17.1,0,2021-12-05 05:56:56.612,2021-12-05
64.3,17.6,0,2021-12-05 06:06:57.777,2021-12-05
63.7,18.3,0,2021-12-05 06:16:58.878,2021-12-05
62.5,19.2,0,2021-12-05 06:27:00.112,2021-12-05
61.4,19.8,0,2021-12-05 06:37:01.357,2021-12-05
60.3,20.1,0,2021-12-05 06:47:02.579,2021-12-05
59.6,20.3,0,2021-12-05 06:57:03.773,2021-12-05
59.6,20.3,0,2021-12-05 07:07:05.020,2021-12-05
59.2,20.2,0,2021-12-05 07:17:06.233,2021-12-05
59.9,20.1,0,2021-12-05 07:27:07.419,2021-12-05
60.3,19.9,0,2021-12-05 07:37:08.585,2021-12-05
60.4,19.8,0,2021-12-05 07:47:09.787,2021-12-05
60.9,19.7,0,2021-12-05 07:57:10.966,2021-12-05
60.8,19.5,0,2021-12-05 08:07:12.281,2021-12-05
61.4,19.4,0,2021-12-05 08:17:13.467,2021-12-05
61.7,19.3,0,2021-12-05 08:27:14.757,2021-12-05
61.9,19.2,0,2021-12-05 08:37:15.887,2021-12-05
62.3,19.2,0,2021-12-05 08:47:17.013,2021-12-05
62.5,19.1,0,2021-12-05 08:57:18.199,2021-12-05
62.5,19.0,0,2021-12-05 09:07:19.485,2021-12-05
62.8,18.9,0,2021-12-05 09:17:20.640,2021-12-05
63.1,18.8,0,2021-12-05 09:27:21.870,2021-12-05
63.2,18.7,0,2021-12-05 09:37:23.064,2021-12-05
63.6,18.7,0,2021-12-05 09:47:24.270,2021-12-05
63.6,18.6,0,2021-12-05 09:57:25.457,2021-12-05
63.9,18.5,0,2021-12-05 10:07:26.735,2021-12-05
63.8,18.4,2055,2021-12-05 10:17:27.970,2021-12-05
63.5,18.5,2819,2021-12-05 10:27:29.078,2021-12-05
59.3,18.4,2919,2021-12-05 10:37:30.221,2021-12-05
57.8,18.3,3251,2021-12-05 10:47:31.356,2021-12-05
57.2,18.3,3242,2021-12-05 10:57:32.714,2021-12-05
56.8,18.2,2643,2021-12-05 11:07:33.856,2021-12-05
62.9,18.3,2331,2021-12-05 11:17:35.101,2021-12-05
63.5,18.2,2110,2021-12-05 11:27:36.307,2021-12-05
64.7,18.2,2135,2021-12-05 11:37:37.872,2021-12-05
66.3,18.7,2202,2021-12-05 11:47:39.080,2021-12-05
65.6,18.4,2282,2021-12-05 11:57:40.531,2021-12-05
64.6,18.2,2357,2021-12-05 12:07:41.928,2021-12-05
64.7,18.1,2283,2021-12-05 12:17:43.315,2021-12-05
64.0,18.1,2518,2021-12-05 12:27:44.512,2021-12-05
63.8,18.0,1831,2021-12-05 12:37:45.616,2021-12-05
63.2,18.0,2580,2021-12-05 12:47:46.799,2021-12-05
62.9,17.9,1956,2021-12-05 12:57:48.009,2021-12-05
63.0,17.9,1041,2021-12-05 13:07:49.173,2021-12-05
62.7,17.9,1486,2021-12-05 13:17:50.313,2021-12-05
62.6,17.8,992,2021-12-05 13:27:51.494,2021-12-05
62.6,17.8,1270,2021-12-05 13:37:52.590,2021-12-05
63.6,17.8,1454,2021-12-05 13:47:53.984,2021-12-05
63.8,17.7,1787,2021-12-05 13:57:55.165,2021-12-05
63.9,17.7,1980,2021-12-05 14:07:56.561,2021-12-05
64.9,17.9,1895,2021-12-05 14:18:00.088,2021-12-05
64.4,18.0,1927,2021-12-05 14:28:01.355,2021-12-05
64.0,18.0,1883,2021-12-05 14:38:02.615,2021-12-05
63.7,18.0,2448,2021-12-05 14:48:03.824,2021-12-05
63.7,18.1,1940,2021-12-05 14:58:05.007,2021-12-05
63.6,18.2,1997,2021-12-05 15:08:06.257,2021-12-05
63.2,18.2,2393,2021-12-05 15:18:07.436,2021-12-05
63.2,18.2,2087,2021-12-05 15:28:08.633,2021-12-05
62.7,18.1,2037,2021-12-05 15:38:09.809,2021-12-05
62.9,18.1,1635,2021-12-05 15:48:11.011,2021-12-05
62.9,18.2,1567,2021-12-05 15:58:12.299,2021-12-05
62.8,18.2,1527,2021-12-05 16:08:13.564,2021-12-05
62.5,18.2,1525,2021-12-05 16:18:14.828,2021-12-05
62.5,18.2,1514,2021-12-05 16:28:16.033,2021-12-05
62.5,18.2,1515,2021-12-05 16:38:17.217,2021-12-05
62.4,18.2,1555,2021-12-05 16:48:18.427,2021-12-05
0.0,0.0,1549,2021-12-05 16:58:19.640,2021-12-05
62.3,18.2,1517,2021-12-05 17:08:20.821,2021-12-05
61.6,18.2,1532,2021-12-05 17:18:22.056,2021-12-05
61.9,18.1,1531,2021-12-05 17:28:23.335,2021-12-05
61.8,18.2,1528,2021-12-05 17:38:24.586,2021-12-05
61.7,18.2,1530,2021-12-05 17:48:25.804,2021-12-05
61.5,18.2,1531,2021-12-05 17:58:27.002,2021-12-05
61.4,18.2,1530,2021-12-05 18:08:28.247,2021-12-05
61.5,18.2,1526,2021-12-05 18:18:29.423,2021-12-05
60.5,18.1,1514,2021-12-05 18:28:30.508,2021-12-05
61.1,18.1,1519,2021-12-05 18:38:31.687,2021-12-05
61.1,18.1,1519,2021-12-05 18:48:32.978,2021-12-05
61.2,18.2,1528,2021-12-05 18:58:34.089,2021-12-05
61.1,18.1,1521,2021-12-05 19:08:35.363,2021-12-05
60.9,18.2,1523,2021-12-05 19:18:36.576,2021-12-05
60.9,18.2,1527,2021-12-05 19:28:37.818,2021-12-05
60.9,18.1,1528,2021-12-05 19:38:39.007,2021-12-05
60.7,18.1,1524,2021-12-05 19:48:40.417,2021-12-05
61.2,18.1,1533,2021-12-05 19:58:41.644,2021-12-05
61.0,18.1,1147,2021-12-05 20:08:42.749,2021-12-05
61.0,18.0,149,2021-12-05 20:18:43.948,2021-12-05
60.1,18.0,150,2021-12-05 20:28:45.320,2021-12-05
60.0,17.8,153,2021-12-05 20:38:46.503,2021-12-05
61.2,17.7,154,2021-12-05 20:48:47.702,2021-12-05
62.3,17.7,153,2021-12-05 20:58:48.910,2021-12-05
62.2,17.6,152,2021-12-05 21:08:50.104,2021-12-05
62.4,17.6,153,2021-12-05 21:18:51.336,2021-12-05
62.6,17.6,1593,2021-12-05 21:28:52.435,2021-12-05
63.5,17.7,1564,2021-12-05 21:38:53.602,2021-12-05
63.0,17.9,1553,2021-12-05 21:48:54.810,2021-12-05
62.7,18.0,1546,2021-12-05 21:58:56.138,2021-12-05
62.6,18.0,1541,2021-12-05 22:08:57.253,2021-12-05
62.3,18.0,1542,2021-12-05 22:18:58.345,2021-12-05
62.1,18.0,1535,2021-12-05 22:28:59.445,2021-12-05
62.3,18.0,0,2021-12-05 22:39:00.730,2021-12-05
61.9,18.1,0,2021-12-05 22:49:02.000,2021-12-05
63.0,18.0,0,2021-12-05 22:59:03.212,2021-12-05
63.7,17.9,0,2021-12-05 23:09:04.549,2021-12-05
64.1,17.9,0,2021-12-05 23:19:05.702,2021-12-05
64.4,17.8,0,2021-12-05 23:29:06.890,2021-12-05
64.7,17.8,0,2021-12-05 23:39:07.994,2021-12-05
64.7,17.7,0,2021-12-05 23:49:09.267,2021-12-05
65.1,17.7,0,2021-12-05 23:59:10.406,2021-12-05
65.1,17.6,0,2021-12-06 00:09:11.518,2021-12-06
65.4,17.6,0,2021-12-06 00:19:12.756,2021-12-06
65.7,17.5,0,2021-12-06 00:29:14.034,2021-12-06
65.6,17.5,0,2021-12-06 00:39:15.219,2021-12-06
65.9,17.4,0,2021-12-06 00:49:16.385,2021-12-06
66.5,17.4,0,2021-12-06 01:09:23.680,2021-12-06
66.3,17.4,0,2021-12-06 01:19:24.892,2021-12-06
66.5,17.4,0,2021-12-06 01:29:26.204,2021-12-06
66.8,17.3,0,2021-12-06 01:39:27.383,2021-12-06
67.3,17.3,0,2021-12-06 01:49:28.596,2021-12-06
67.6,17.3,0,2021-12-06 01:59:29.791,2021-12-06
67.7,17.3,0,2021-12-06 02:09:31.006,2021-12-06
67.7,17.2,0,2021-12-06 02:19:32.198,2021-12-06
68.2,17.2,0,2021-12-06 02:29:33.445,2021-12-06
68.1,17.2,0,2021-12-06 02:39:34.605,2021-12-06
68.3,17.1,0,2021-12-06 02:49:35.805,2021-12-06
68.6,17.1,0,2021-12-06 02:59:36.922,2021-12-06
69.0,17.1,0,2021-12-06 03:09:38.437,2021-12-06
69.0,17.1,0,2021-12-06 03:19:39.753,2021-12-06
69.1,17.0,0,2021-12-06 03:29:40.930,2021-12-06
69.9,17.1,0,2021-12-06 03:39:42.210,2021-12-06
69.6,17.1,0,2021-12-06 03:49:43.405,2021-12-06
69.6,17.1,0,2021-12-06 03:59:44.638,2021-12-06
69.4,17.1,0,2021-12-06 04:09:45.814,2021-12-06
69.7,17.1,0,2021-12-06 04:19:47.025,2021-12-06
69.6,17.0,0,2021-12-06 04:29:48.174,2021-12-06
69.9,17.0,0,2021-12-06 04:39:49.394,2021-12-06
69.8,17.0,0,2021-12-06 04:49:50.602,2021-12-06
69.6,17.0,0,2021-12-06 04:59:51.802,2021-12-06
69.9,17.0,0,2021-12-06 05:09:53.009,2021-12-06
69.8,16.9,0,2021-12-06 05:19:54.195,2021-12-06
69.9,16.9,0,2021-12-06 05:29:55.421,2021-12-06
70.0,16.9,0,2021-12-06 05:39:58.422,2021-12-06
70.1,16.8,0,2021-12-06 05:49:59.679,2021-12-06
70.6,17.0,0,2021-12-06 06:00:00.842,2021-12-06
70.6,17.5,0,2021-12-06 06:10:02.045,2021-12-06
70.1,18.3,0,2021-12-06 06:20:03.340,2021-12-06
68.0,19.2,0,2021-12-06 06:30:04.575,2021-12-06
66.4,19.8,0,2021-12-06 06:40:05.758,2021-12-06
65.7,20.2,0,2021-12-06 06:50:06.954,2021-12-06
64.7,20.4,0,2021-12-06 07:00:08.112,2021-12-06
64.7,20.4,0,2021-12-06 07:10:09.318,2021-12-06
64.6,20.3,0,2021-12-06 07:20:10.518,2021-12-06
64.7,20.1,0,2021-12-06 07:30:11.898,2021-12-06
65.2,19.9,1517,2021-12-06 07:40:13.160,2021-12-06
64.6,19.9,1480,2021-12-06 07:50:14.442,2021-12-06
62.6,19.7,1458,2021-12-06 08:00:15.641,2021-12-06
61.6,19.6,1564,2021-12-06 08:10:16.840,2021-12-06
62.5,19.7,323,2021-12-06 08:20:17.957,2021-12-06
63.1,19.6,397,2021-12-06 08:30:26.508,2021-12-06
62.4,19.3,1032,2021-12-06 08:40:29.023,2021-12-06
62.0,19.1,1744,2021-12-06 08:50:30.204,2021-12-06
65.8,19.2,1841,2021-12-06 09:00:31.459,2021-12-06
65.3,19.0,2550,2021-12-06 09:10:32.779,2021-12-06
64.7,19.0,2459,2021-12-06 09:20:35.074,2021-12-06
65.1,19.0,2364,2021-12-06 09:30:36.369,2021-12-06
64.6,19.0,2454,2021-12-06 09:40:37.596,2021-12-06
64.4,19.0,2384,2021-12-06 09:50:38.856,2021-12-06
64.1,18.9,2288,2021-12-06 10:00:40.145,2021-12-06
63.7,18.8,2347,2021-12-06 10:10:41.363,2021-12-06
63.4,18.8,2681,2021-12-06 10:20:42.544,2021-12-06
63.3,18.8,2388,2021-12-06 10:30:43.751,2021-12-06
63.3,18.8,2312,2021-12-06 10:40:44.970,2021-12-06
63.2,18.7,2256,2021-12-06 10:50:46.171,2021-12-06
63.2,18.7,1902,2021-12-06 11:00:47.360,2021-12-06
63.2,18.7,1942,2021-12-06 11:10:48.558,2021-12-06
63.0,18.6,2403,2021-12-06 11:20:49.841,2021-12-06
62.6,18.6,2596,2021-12-06 11:30:51.070,2021-12-06
62.6,18.6,2258,2021-12-06 11:40:52.240,2021-12-06
62.6,18.6,1825,2021-12-06 11:50:53.448,2021-12-06
62.0,18.5,1351,2021-12-06 12:00:54.659,2021-12-06
61.3,18.3,827,2021-12-06 12:10:55.862,2021-12-06
61.0,18.2,1433,2021-12-06 12:20:57.055,2021-12-06
60.8,18.1,1622,2021-12-06 12:30:58.224,2021-12-06
60.6,18.0,1424,2021-12-06 12:40:59.421,2021-12-06
60.5,18.0,1653,2021-12-06 12:51:00.678,2021-12-06
60.4,17.9,1755,2021-12-06 13:01:01.925,2021-12-06
60.2,17.9,2521,2021-12-06 13:11:03.125,2021-12-06
60.1,17.8,2259,2021-12-06 13:21:06.115,2021-12-06
60.1,17.8,1472,2021-12-06 13:31:07.280,2021-12-06
60.0,17.8,1823,2021-12-06 13:41:08.365,2021-12-06
60.0,17.7,1709,2021-12-06 13:51:09.573,2021-12-06
60.0,17.7,1152,2021-12-06 14:01:10.797,2021-12-06
60.0,17.7,986,2021-12-06 14:11:11.992,2021-12-06
59.9,17.6,1010,2021-12-06 14:21:13.176,2021-12-06
60.0,17.6,711,2021-12-06 14:31:14.318,2021-12-06
59.9,17.5,593,2021-12-06 14:41:15.555,2021-12-06
59.7,17.5,609,2021-12-06 14:51:16.654,2021-12-06
59.6,17.4,291,2021-12-06 15:01:17.968,2021-12-06
59.6,17.4,1070,2021-12-06 15:11:19.184,2021-12-06
59.6,17.4,1979,2021-12-06 15:21:20.365,2021-12-06
59.5,17.4,1698,2021-12-06 15:31:21.510,2021-12-06
59.4,17.4,986,2021-12-06 15:41:22.664,2021-12-06
59.3,17.4,54,2021-12-06 15:51:23.871,2021-12-06
59.2,17.3,0,2021-12-06 16:01:25.058,2021-12-06
59.2,17.3,78,2021-12-06 16:11:26.261,2021-12-06
59.3,17.3,0,2021-12-06 16:21:27.451,2021-12-06
59.3,17.2,0,2021-12-06 16:31:28.666,2021-12-06
59.2,17.2,0,2021-12-06 16:41:29.873,2021-12-06
59.2,17.2,0,2021-12-06 16:51:31.057,2021-12-06
59.2,17.2,0,2021-12-06 17:01:32.251,2021-12-06
59.2,17.2,0,2021-12-06 17:11:33.441,2021-12-06
59.2,17.2,0,2021-12-06 17:21:34.656,2021-12-06
